k,silhouette,calinski_harabasz,davies_bouldin,smallest_cluster,singleton_clusters
2,0.23907649658590857,23.280124196453066,1.4617726560971498,27,0
3,0.18851316525948866,19.146815680795726,1.6881830645897864,11,0
4,0.18422646177178548,16.16350293902679,1.533731676695303,9,0
5,0.18809377805841054,15.03400324547416,1.4461259259192063,4,0
6,0.20476749089007823,13.95159933091202,1.355127837502,4,0
7,0.20585892605566533,13.32501612095264,1.3858179996064983,4,0
8,0.21415472396868454,12.809522319776473,1.2866671110775978,2,0
9,0.20008049615496062,12.287442146026825,1.3216321108153537,2,0
10,0.18389778382951846,11.485405080873562,1.263962092931323,1,1
11,0.19333897394726363,11.296212590655022,1.155855154388727,1,2
12,0.19574435966552817,10.890178757161527,1.2449311382007588,2,0
13,0.19117341421197126,10.600505861803665,1.0918067145973245,1,3
14,0.17439332672984445,10.21531012066209,1.1606362683619975,1,2
15,0.19825355533149513,10.267956248053903,1.0562510888377348,1,3
16,0.2092739613586786,10.152820601226814,1.0729022037583358,1,2
17,0.20949341121714107,10.223396477548226,1.0129160753681001,1,3
18,0.20384897958355608,10.061781613369309,0.9296309075121589,1,6
