cluster,medoid,n_destinations,dominant_region,dominant_region_share,members,official_product_card_count_295_median,lodging_establishments_median,food_beverage_establishments_median,recreation_tourism_proxy_median,agencies_tours_events_median,tourist_transport_proxy_median,tourism_gdp_2022_mxn2018_median,tourism_share_proxy_2022_median,inah_inventory_sites_n_median,pueblo_magico_share,theme_beach_coast_share,theme_nature_share,theme_culture_history_share,theme_archaeology_share,theme_adventure_share,theme_gastronomy_coffee_share,theme_wellness_spiritual_share,theme_urban_services_share
1,Acajete,8,Cultura y Aventura,0.75,Acajete | Emiliano Zapata | Jilotepec | Las Vigas de Ramírez | Pánuco | Tempoal | Tlalnelhuayocan | Xalapa,3.0,4.0,110.5,2.0,0.0,0.5,88353083.00279787,0.0132315876625524,0.0,0.0,0.0,1.0,1.0,0.0,0.0,1.0,0.0,0.125
2,Actopan,3,Primeros Pasos de Cortés,0.6666666666666666,Actopan | Carrillo Puerto | Ursulo Galván,24.0,6.0,124.0,3.0,0.0,0.0,351807126.90726316,0.2706849068477786,1.0,0.0,0.3333333333333333,0.0,1.0,1.0,0.6666666666666666,1.0,0.0,0.0
3,Atzalan,5,Totonacapan,0.8,Atzalan | Castillo de Teayo | Misantla | Papantla | Vega de Alatorre,0.0,11.0,169.0,3.0,0.0,0.0,159044440.13924155,0.1250499912663292,1.0,0.2,0.0,1.0,1.0,1.0,0.0,1.0,0.0,0.0
4,Boca del Río,5,Primeros Pasos de Cortés,0.6,Alvarado | Boca del Río | Poza Rica de Hidalgo | Tuxpan | Veracruz,13.0,80.0,1332.0,8.0,4.0,4.0,5965859220.61904,0.0742019526076753,0.0,0.0,0.8,0.2,1.0,0.0,0.0,1.0,0.0,0.8
5,Calcahualco,12,Altas Montañas,0.5,Calcahualco | Catemaco | Cuitláhuac | Fortín | Huatusco | Jalcomulco | La Antigua | Perote | San Andrés Tuxtla | Tlapacoyan | Yanga | Zongolica,3.5,13.0,310.5,3.5,1.0,0.0,312273035.6347497,0.0959141811403693,0.0,0.0,0.16666666666666666,1.0,1.0,0.0,1.0,0.8333333333333334,0.08333333333333333,0.0
6,Cazones de Herrera,4,Totonacapan,0.75,Cazones de Herrera | Nautla | Tamiahua | Tecolutla,0.5,15.0,73.0,0.5,0.5,2.0,55780289.24260135,0.3968104919204352,0.0,0.0,1.0,1.0,1.0,0.0,0.0,1.0,0.0,0.0
7,Chinameca,4,Olmeca,1.0,Chinameca | Jáltipan | Las Choapas | Soteapan,1.0,8.5,220.5,1.0,1.0,0.0,102627882.41148803,0.032629062525535796,0.0,0.0,0.0,1.0,1.0,0.0,0.0,0.0,0.0,0.0
8,Coatepec,3,Cultura y Aventura,0.6666666666666666,Coatepec | Naolinco | Zozocolco de Hidalgo,5.0,5.0,109.0,1.0,2.0,0.0,43537363.73187036,0.0686641480795742,0.0,1.0,0.0,1.0,1.0,0.0,0.0,1.0,0.0,0.0
9,Coatzacoalcos,2,Olmeca,1.0,Coatzacoalcos | Minatitlán,1.5,59.0,1861.5,12.0,26.0,4.0,3095490653.4866834,0.3776836523252805,0.0,0.0,0.0,1.0,1.0,0.0,0.0,0.0,0.0,1.0
10,Coscomatepec,4,Altas Montañas,0.75,Coscomatepec | Córdoba | Orizaba | Xico,14.5,42.0,1189.5,17.0,6.0,2.0,1160149486.8428707,0.0571186309539315,0.0,1.0,0.0,1.0,1.0,0.0,1.0,1.0,0.0,0.5
11,Jesús Carranza,3,Olmeca,0.6666666666666666,Jesús Carranza | Santiago Tuxtla | Texistepec,0.0,6.0,135.0,0.0,1.0,0.0,6506333.401935588,0.0149244554723715,1.0,0.0,0.0,1.0,1.0,1.0,0.3333333333333333,0.0,0.0,0.0
12,Puente Nacional,2,Primeros Pasos de Cortés,1.0,Puente Nacional | Tlacotalpan,5.5,8.5,84.0,5.0,0.5,0.0,219616854.1797835,0.5490224024137562,0.0,0.0,0.0,0.0,1.0,0.0,0.0,1.0,0.0,0.0
