removed_feature,adjusted_rand_vs_full,silhouette_without_feature,singleton_clusters_without_feature
theme_adventure,0.6049816813789373,0.7761686404902753,1
theme_archaeology,0.6112829263090541,0.7478907794522767,1
theme_nature,0.6984126984126984,0.7647384292944548,1
theme_gastronomy_coffee,0.7148574287143572,0.7756452780668808,0
pueblo_magico,0.7581486135992941,0.7201599716073399,1
theme_beach_coast,0.8346713838617499,0.8065843386846521,0
theme_urban_services,0.8746227072208034,0.8002272727272728,1
theme_culture_history,1.0,0.6404323229373066,0
theme_wellness_spiritual,1.0,0.6470591767115831,0
