id,destino,atractivo_concreto,temas_relacionados,dato_comprobable_parafraseado,url_fuente,seccion,procedencia_registro,fecha_revision_directa,estado_cotejo_actual,alcance,revisar_desagregacion,acceso_vigente,imagenes_licenciadas,advertencia_antes_de_publicar
ATTR-0001,Actopan,"El Descabezadero, nacimiento del río Actopan",naturaleza; aventura,La ficha oficial identifica el nacimiento del río y el descenso de ríos.,https://www.veracruz.mx/destino.php?Municipio=4,CENTROS TURÍSTICOS,auditoría anterior,,PENDIENTE_COTEJO_INDIVIDUAL,atractivo_o_actividad_asociada_a_municipio,REVISAR,NO COMPROBADO,NO COMPROBADO,Ya apoyaría corregir nature=0 a 1; verificar condiciones de acceso.
ATTR-0002,Calcahualco,Bosques ribereños y aguas termales de Atotonilco,naturaleza; patrimonio,"La ficha menciona bosque, riberas y albercas en aguas termales de Atotonilco.",https://www.veracruz.mx/destino.php?Municipio=29,CENTROS TURÍSTICOS,auditoría anterior,,PENDIENTE_COTEJO_INDIVIDUAL,atractivo_o_actividad_asociada_a_municipio,REVISAR,NO COMPROBADO,NO COMPROBADO,Necesita comprobación de vigencia y permisos de fotografía.
ATTR-0003,Catemaco,Laguna de Catemaco y Reserva Ecológica Nanciyaga,naturaleza; bienestar,"La página describe excursiones de observación de flora, temazcal y paseos por la laguna.",https://www.veracruz.mx/destino.php?Municipio=32,CENTROS TURÍSTICOS,auditoría anterior,,PENDIENTE_COTEJO_INDIVIDUAL,atractivo_o_actividad_asociada_a_municipio,REVISAR,NO COMPROBADO,NO COMPROBADO,Nature=1 respaldado; revisar gastronomy=0 y beach=0.
ATTR-0004,Coatepec,Museo del Café y feria del café,cultura; gastronomía,La ficha enumera Museo del Café y la feria local del café.,https://www.veracruz.mx/destino.php?Municipio=38,GASTRONOMÍA / enlaces de atractivos,auditoría anterior,,PENDIENTE_COTEJO_INDIVIDUAL,atractivo_o_actividad_asociada_a_municipio,REVISAR,NO COMPROBADO,NO COMPROBADO,Cultura/café respaldados; aventura necesita fuente específica independiente.
ATTR-0005,Coatzacoalcos,"Malecón, playas y zona de Barrillas",costa; ciudad,"La ficha describe playas, malecón y actividades acuáticas en Barrillas.",https://www.veracruz.mx/destino.php?Municipio=39,CENTROS TURÍSTICOS,auditoría anterior,,PENDIENTE_COTEJO_INDIVIDUAL,atractivo_o_actividad_asociada_a_municipio,REVISAR,NO COMPROBADO,NO COMPROBADO,Beach/coast=0 parece subcodificado a escala municipal.
ATTR-0006,Cuitláhuac,Exhacienda de Trapiche Meza,cultura; historia,La ficha identifica la exhacienda entre edificios de interés histórico.,https://www.veracruz.mx/destino.php?Municipio=53,MONUMENTOS HISTÓRICOS,auditoría anterior,,PENDIENTE_COTEJO_INDIVIDUAL,atractivo_o_actividad_asociada_a_municipio,,NO COMPROBADO,NO COMPROBADO,Adventure=1 no queda demostrado por esta ficha.
ATTR-0007,Jalcomulco,Rafting del Río de los Pescados,aventura; naturaleza,La ficha identifica los tramos Puente Pescados–Puente Jalcomulco y otras actividades.,https://www.veracruz.mx/destino.php?Municipio=88,TURISMO DE AVENTURA,auditoría anterior,,PENDIENTE_COTEJO_INDIVIDUAL,atractivo_o_actividad_asociada_a_municipio,,NO COMPROBADO,NO COMPROBADO,Aventura=1 respaldado; seguridad y disponibilidad requieren comprobación.
ATTR-0008,Naolinco,Calzado y talabartería artesanal,cultura; artesanías,"La ficha documenta producción de calzado, bolsas, chamarras y botas.",https://www.veracruz.mx/destino.php?Municipio=112,ARTESANÍAS,auditoría anterior,,PENDIENTE_COTEJO_INDIVIDUAL,atractivo_o_actividad_asociada_a_municipio,REVISAR,NO COMPROBADO,NO COMPROBADO,Artesanía podría justificar una característica específica ausente en las ocho actuales.
ATTR-0009,Orizaba,Cascada del Elefante,naturaleza; atractivo,La ficha presenta la Cascada del Elefante como centro turístico.,https://www.veracruz.mx/destino.php?Municipio=118,CENTROS TURÍSTICOS,auditoría anterior,,PENDIENTE_COTEJO_INDIVIDUAL,atractivo_o_actividad_asociada_a_municipio,,NO COMPROBADO,NO COMPROBADO,Foto/visita dependerán de acceso actual.
ATTR-0010,Papantla,Zona arqueológica de El Tajín,arqueología; cultura,La ficha identifica El Tajín y Cuyuxquihui como atractivos arqueológicos del municipio.,https://www.veracruz.mx/destino.php?Municipio=124,CENTROS TURÍSTICOS,auditoría anterior,,PENDIENTE_COTEJO_INDIVIDUAL,atractivo_o_actividad_asociada_a_municipio,,NO COMPROBADO,NO COMPROBADO,Evitar asociar INAH visitantes con todos los turistas del municipio.
ATTR-0011,Soteapan,Rappel Cascada Jem–Takxt,aventura; naturaleza,El catálogo oficial describe sendero por selva y descenso en rappel en Jem–Takxt.,https://www.veracruz.mx/productos.php,Rappel Cascada Jem - Takxt,auditoría anterior,,PENDIENTE_COTEJO_INDIVIDUAL,atractivo_o_actividad_asociada_a_municipio,,NO COMPROBADO,NO COMPROBADO,Adventure=0 amerita revisión; no asumir producto activo para compra.
ATTR-0012,Tlacotalpan,Malecón y ribera del río,cultura; ribera,"La ficha describe la ribera, el malecón y actividades acuáticas.",https://www.veracruz.mx/destino.php?Municipio=178,CENTROS TURÍSTICOS,auditoría anterior,,PENDIENTE_COTEJO_INDIVIDUAL,atractivo_o_actividad_asociada_a_municipio,REVISAR,NO COMPROBADO,NO COMPROBADO,Evitar confundir turismo fluvial con playa/costa.
ATTR-0013,Tuxpan,Playas de Tuxpan y laguna de Tampamachoco,playa; naturaleza,"La ficha incluye playas, laguna y manglares en sus atractivos.",https://www.veracruz.mx/destino.php?Municipio=189,ENLACES DE ATRACTIVOS,auditoría anterior,,PENDIENTE_COTEJO_INDIVIDUAL,atractivo_o_actividad_asociada_a_municipio,REVISAR,NO COMPROBADO,NO COMPROBADO,"Naturaleza turística necesita verificar actividades, no solo ecosistemas."
ATTR-0014,Veracruz,Fortaleza de San Juan de Ulúa,historia; costa,La ficha presenta la fortaleza como atractivo histórico del puerto.,https://www.veracruz.mx/destino.php?Municipio=193,MONUMENTOS HISTÓRICOS,auditoría anterior,,PENDIENTE_COTEJO_INDIVIDUAL,atractivo_o_actividad_asociada_a_municipio,,NO COMPROBADO,NO COMPROBADO,Mantener unidad municipal; foto con derechos aclarados.
ATTR-0015,Xico,Cascada de Texolo y mole xiqueño,naturaleza; gastronomía,La ficha identifica Cascada de Texolo y especialidades gastronómicas locales.,https://www.veracruz.mx/destino.php?Municipio=92,CENTROS TURÍSTICOS / GASTRONOMÍA,auditoría anterior,,PENDIENTE_COTEJO_INDIVIDUAL,atractivo_o_actividad_asociada_a_municipio,REVISAR,NO COMPROBADO,NO COMPROBADO,No equivale a medir intensidad relativa entre experiencias.
ATTR-0016,Zongolica,Cueva de Tomachapa,cultura; tradiciones,La ficha menciona una reunión tradicional de danzantes y curanderos en la cueva.,https://www.veracruz.mx/destino.php?Municipio=201,"FIESTAS, DANZAS Y TRADICIONES",auditoría anterior,,PENDIENTE_COTEJO_INDIVIDUAL,atractivo_o_actividad_asociada_a_municipio,,NO COMPROBADO,NO COMPROBADO,No presentar ceremonia como espectáculo turístico abierto sin consentimiento.
ATTR-0017,Zozocolco de Hidalgo,Cascada del Callejón y festival de globos,naturaleza; cultura,La ficha documenta cascadas y un festival de globos de papel.,https://www.veracruz.mx/destino.php?Municipio=203,CENTROS TURÍSTICOS / ENLACES,auditoría anterior,,PENDIENTE_COTEJO_INDIVIDUAL,atractivo_o_actividad_asociada_a_municipio,REVISAR,NO COMPROBADO,NO COMPROBADO,Fotografías requieren licencias; fechas de festival variables.
ATTR-0018,Acajete,Quesos artesanales de La Joya,gastronomía; artesanía alimentaria,La ficha oficial enumera producción artesanal de diversos quesos en la congregación de La Joya.,https://www.veracruz.mx/destino.php?Municipio=1,ARTESANÍAS,auditoría anterior,,PENDIENTE_COTEJO_INDIVIDUAL,atractivo_o_actividad_asociada_a_municipio,,NO COMPROBADO,NO COMPROBADO,Producción local no implica que exista una ruta turística visitable.
ATTR-0019,Carrillo Puerto,Antiguo Cuauhtochco,historia,La ficha presenta a Cuauhtochco como cabecera histórica de una provincia prehispánica.,https://www.veracruz.mx/destino.php?Municipio=31,HISTORIA,auditoría anterior,,PENDIENTE_COTEJO_INDIVIDUAL,atractivo_o_actividad_asociada_a_municipio,,NO COMPROBADO,NO COMPROBADO,Historia documentada no implica sitio arqueológico abierto.
ATTR-0020,La Antigua,Río Huitzilapan y patrimonio colonial,cultura; naturaleza,La ficha describe la historia de la villa junto al río y su función en el periodo colonial.,https://www.veracruz.mx/destino.php?Municipio=16,HISTORIA,auditoría anterior,,PENDIENTE_COTEJO_INDIVIDUAL,atractivo_o_actividad_asociada_a_municipio,REVISAR,NO COMPROBADO,NO COMPROBADO,No confundir kayak/naturaleza cercana con oferta activa sin verificación.
ATTR-0021,Misantla,Vestigios de Los Ídolos y Páxil,arqueología; cultura,La ficha menciona restos arqueológicos en Los Ídolos y la zona de Páxil.,https://www.veracruz.mx/destino.php?Municipio=109,MONUMENTOS HISTÓRICOS,auditoría anterior,,PENDIENTE_COTEJO_INDIVIDUAL,atractivo_o_actividad_asociada_a_municipio,REVISAR,NO COMPROBADO,NO COMPROBADO,Mención histórica no garantiza acceso al público.
ATTR-0022,Perote,Fortaleza de San Carlos y Cofre de Perote,historia; naturaleza,La ficha describe la fortaleza y el paisaje del Parque Nacional Cofre de Perote.,https://www.veracruz.mx/destino.php?Municipio=128,MONUMENTOS HISTÓRICOS / CENTROS TURÍSTICOS,auditoría anterior,,PENDIENTE_COTEJO_INDIVIDUAL,atractivo_o_actividad_asociada_a_municipio,REVISAR,NO COMPROBADO,NO COMPROBADO,La fecha de finalización de la fortaleza en la ficha parece tener errata; no repetirla.
ATTR-0023,San Andrés Tuxtla,Salto de Eyipantla,naturaleza,La ficha identifica la cascada Salto de Eyipantla y su mirador.,https://www.veracruz.mx/destino.php?Municipio=141,CENTROS TURÍSTICOS,auditoría anterior,,PENDIENTE_COTEJO_INDIVIDUAL,atractivo_o_actividad_asociada_a_municipio,,NO COMPROBADO,NO COMPROBADO,"La ficha también enumera playas, con posibles solapamientos municipales a revisar."
ATTR-0024,Tamiahua,Laguna de Tamiahua y Barra de Corazones,costa; naturaleza,La ficha describe la laguna y una playa de acceso por embarcación desde Tamiahua.,https://www.veracruz.mx/destino.php?Municipio=151,CENTROS TURÍSTICOS,auditoría anterior,,PENDIENTE_COTEJO_INDIVIDUAL,atractivo_o_actividad_asociada_a_municipio,REVISAR,NO COMPROBADO,NO COMPROBADO,Acceso por lancha y estado de la playa deben verificarse antes de recomendaciones.
ATTR-0025,Tempoal,Festividades de Xantolo,cultura; tradición,La ficha turística enlaza las festividades de Xantolo de Tempoal.,https://www.veracruz.mx/destino.php?Municipio=161,ENLACES DE ATRACTIVOS,auditoría anterior,,PENDIENTE_COTEJO_INDIVIDUAL,atractivo_o_actividad_asociada_a_municipio,,NO COMPROBADO,NO COMPROBADO,No presentar prácticas de comunidades como espectáculo comercial sin acuerdo.
ATTR-0026,Emiliano Zapata,Museo Ex Hacienda El Lencero,historia; cultura,Una publicación turística estatal y el ayuntamiento sitúan El Lencero en Emiliano Zapata.,https://www.veracruz.gob.mx/turismo/2025/03/25/descubre-veracruz-a-traves-de-la-ruta-primeros-pasos-de-cortes-historia-aventura-y-naturaleza/,RUTA PRIMEROS PASOS DE CORTÉS,ampliación 2026-10-09,,PENDIENTE_COTEJO_INDIVIDUAL,atractivo_o_actividad_asociada_a_municipio,,NO COMPROBADO,NO COMPROBADO,"Comprobar ubicación exacta, acceso actual, seguridad, horarios y disponibilidad. No inferir popularidad o capacidad."
ATTR-0027,Emiliano Zapata,Mirador de Cerro Gordo,naturaleza,SECTUR incluye este mirador en su ruta por Emiliano Zapata.,https://www.veracruz.gob.mx/turismo/2025/03/25/descubre-veracruz-a-traves-de-la-ruta-primeros-pasos-de-cortes-historia-aventura-y-naturaleza/,RUTA PRIMEROS PASOS DE CORTÉS,ampliación 2026-10-09,,PENDIENTE_COTEJO_INDIVIDUAL,atractivo_o_actividad_asociada_a_municipio,,NO COMPROBADO,NO COMPROBADO,"Comprobar ubicación exacta, acceso actual, seguridad, horarios y disponibilidad. No inferir popularidad o capacidad."
ATTR-0028,Jilotepec,Cascada El Salto,naturaleza; aventura,El programa municipal de desarrollo urbano identifica Cascada El Salto como lugar recreativo donde se practica rappel.,https://www.veracruz.gob.mx/desarrollosocial/wp-content/uploads/sites/12/2025/08/Gac2024-440-Viernes-01-TOMO-III-Ext-PMDU-JILOTEPEC.pdf,PATRIMONIO NATURAL Y RECREATIVO,ampliación 2026-10-09,,PENDIENTE_COTEJO_INDIVIDUAL,atractivo_o_actividad_asociada_a_municipio,,NO COMPROBADO,NO COMPROBADO,"Comprobar ubicación exacta, acceso actual, seguridad, horarios y disponibilidad. No inferir popularidad o capacidad."
ATTR-0029,Jilotepec,Hoyo del Becerro,naturaleza; aventura,El programa municipal de desarrollo urbano menciona Hoyo del Becerro como sitio recreativo.,https://www.veracruz.gob.mx/desarrollosocial/wp-content/uploads/sites/12/2025/08/Gac2024-440-Viernes-01-TOMO-III-Ext-PMDU-JILOTEPEC.pdf,PATRIMONIO NATURAL Y RECREATIVO,ampliación 2026-10-09,,PENDIENTE_COTEJO_INDIVIDUAL,atractivo_o_actividad_asociada_a_municipio,,NO COMPROBADO,NO COMPROBADO,"Comprobar ubicación exacta, acceso actual, seguridad, horarios y disponibilidad. No inferir popularidad o capacidad."
ATTR-0030,Las Vigas de Ramírez,El Volcancillo,naturaleza; geología,El sitio municipal de turismo describe este cráter secundario del Cofre de Perote.,https://lasvigas.gob.mx/turisticos,TURISMO,ampliación 2026-10-09,,PENDIENTE_COTEJO_INDIVIDUAL,atractivo_o_actividad_asociada_a_municipio,,NO COMPROBADO,NO COMPROBADO,"Comprobar ubicación exacta, acceso actual, seguridad, horarios y disponibilidad. No inferir popularidad o capacidad."
ATTR-0031,Las Vigas de Ramírez,Reserva Ecológica San Juan del Monte,naturaleza,El sitio oficial de Las Vigas presenta esta reserva forestal como atractivo de ecoturismo.,https://lasvigas.gob.mx/turisticos,TURISMO,ampliación 2026-10-09,,PENDIENTE_COTEJO_INDIVIDUAL,atractivo_o_actividad_asociada_a_municipio,,NO COMPROBADO,NO COMPROBADO,"Comprobar ubicación exacta, acceso actual, seguridad, horarios y disponibilidad. No inferir popularidad o capacidad."
ATTR-0032,Tlapacoyan,Rafting en Río Filobobos,aventura; naturaleza,SECTUR registra rafting en Tlapacoyan; las condiciones y proveedores requieren confirmación.,https://www.veracruz.gob.mx/turismo/turismo-de-naturaleza/,TURISMO DE NATURALEZA,ampliación 2026-10-09,,PENDIENTE_COTEJO_INDIVIDUAL,atractivo_o_actividad_asociada_a_municipio,,NO COMPROBADO,NO COMPROBADO,"Comprobar ubicación exacta, acceso actual, seguridad, horarios y disponibilidad. No inferir popularidad o capacidad."
ATTR-0033,Tlapacoyan,Cascada El Encanto,naturaleza; aventura,Un operador local documenta excursiones a Cascada El Encanto en la zona de Filobobos; su actualidad comercial no está verificada.,https://www.filobobos.com.mx/,OFERTA DE OPERADOR — NO OFICIAL,ampliación 2026-10-09,,PENDIENTE_COTEJO_INDIVIDUAL,atractivo_o_actividad_asociada_a_municipio,,NO COMPROBADO,NO COMPROBADO,"Comprobar ubicación exacta, acceso actual, seguridad, horarios y disponibilidad. No inferir popularidad o capacidad."
ATTR-0034,Yanga,Monumento a Gaspar Yanga,cultura; historia,Una nota estatal identifica el monumento en el parque central de Yanga.,https://www.veracruz.gob.mx/2026/10/02/yanga-simbolo-de-libertad-mexico-no-se-doblega-ni-se-subordina-rocio-nahle/,BOLETÍN OFICIAL,ampliación 2026-10-09,,PENDIENTE_COTEJO_INDIVIDUAL,atractivo_o_actividad_asociada_a_municipio,,NO COMPROBADO,NO COMPROBADO,"Comprobar ubicación exacta, acceso actual, seguridad, horarios y disponibilidad. No inferir popularidad o capacidad."
ATTR-0035,Alvarado,Laguna de Alvarado,naturaleza; costa,La ficha oficial indica que la laguna permite observar la confluencia fluvial y vegetación de mangle.,https://www.veracruz.mx/destino.php?Municipio=11,CENTROS TURÍSTICOS,ampliación 2026-10-09,,PENDIENTE_COTEJO_INDIVIDUAL,atractivo_o_actividad_asociada_a_municipio,DUPLICADO_CON_REVISION_DIRECTA,NO COMPROBADO,NO COMPROBADO,"Comprobar ubicación exacta, acceso actual, seguridad, horarios y disponibilidad. No inferir popularidad o capacidad."
ATTR-0036,Alvarado,Manglares de Alvarado,naturaleza; costa,La autoridad turística describe paseos por áreas de manglar.,https://www.veracruz.mx/destino.php?Municipio=11,CENTROS TURÍSTICOS,ampliación 2026-10-09,,PENDIENTE_COTEJO_INDIVIDUAL,atractivo_o_actividad_asociada_a_municipio,,NO COMPROBADO,NO COMPROBADO,"Comprobar ubicación exacta, acceso actual, seguridad, horarios y disponibilidad. No inferir popularidad o capacidad."
ATTR-0037,Alvarado,Playas del municipio de Alvarado,costa,La ficha municipal enumera varias playas; comprobar ubicación de cada una antes de publicarla como cercana al centro.,https://www.veracruz.mx/destino.php?Municipio=11,CENTROS TURÍSTICOS,ampliación 2026-10-09,,PENDIENTE_COTEJO_INDIVIDUAL,atractivo_o_actividad_asociada_a_municipio,,NO COMPROBADO,NO COMPROBADO,"Comprobar ubicación exacta, acceso actual, seguridad, horarios y disponibilidad. No inferir popularidad o capacidad."
ATTR-0038,Atzalan,Filobobos,arqueología; naturaleza,La ficha municipal presenta Filobobos como zona de interés por paisaje y patrimonio arqueológico.,https://www.veracruz.mx/destino.php?Municipio=23,MONUMENTOS / CENTROS TURÍSTICOS,ampliación 2026-10-09,,PENDIENTE_COTEJO_INDIVIDUAL,atractivo_o_actividad_asociada_a_municipio,,NO COMPROBADO,NO COMPROBADO,"Comprobar ubicación exacta, acceso actual, seguridad, horarios y disponibilidad. No inferir popularidad o capacidad."
ATTR-0039,Atzalan,El Cuajilote,arqueología,La ficha menciona El Cuajilote como sitio arqueológico del área de Filobobos.,https://www.veracruz.mx/destino.php?Municipio=23,MONUMENTOS HISTÓRICOS,ampliación 2026-10-09,,PENDIENTE_COTEJO_INDIVIDUAL,atractivo_o_actividad_asociada_a_municipio,,NO COMPROBADO,NO COMPROBADO,"Comprobar ubicación exacta, acceso actual, seguridad, horarios y disponibilidad. No inferir popularidad o capacidad."
ATTR-0040,Atzalan,Vega de la Peña,arqueología,La ficha menciona Vega de la Peña como sitio arqueológico del área de Filobobos.,https://www.veracruz.mx/destino.php?Municipio=23,MONUMENTOS HISTÓRICOS,ampliación 2026-10-09,,PENDIENTE_COTEJO_INDIVIDUAL,atractivo_o_actividad_asociada_a_municipio,,NO COMPROBADO,NO COMPROBADO,"Comprobar ubicación exacta, acceso actual, seguridad, horarios y disponibilidad. No inferir popularidad o capacidad."
ATTR-0041,Boca del Río,Playas de Boca del Río,costa,La ficha documenta playas y paseos por la zona costera.,https://www.veracruz.mx/destino.php?Municipio=28,CENTROS TURÍSTICOS,ampliación 2026-10-09,,PENDIENTE_COTEJO_INDIVIDUAL,atractivo_o_actividad_asociada_a_municipio,,NO COMPROBADO,NO COMPROBADO,"Comprobar ubicación exacta, acceso actual, seguridad, horarios y disponibilidad. No inferir popularidad o capacidad."
ATTR-0042,Boca del Río,Foro Boca,cultura; ciudad,La ficha incluye Foro Boca en la lista de puntos de interés.,https://www.veracruz.mx/destino.php?Municipio=28,ATRACCIONES / ENLACES,ampliación 2026-10-09,,PENDIENTE_COTEJO_INDIVIDUAL,atractivo_o_actividad_asociada_a_municipio,DUPLICADO_CON_REVISION_DIRECTA,NO COMPROBADO,NO COMPROBADO,"Comprobar ubicación exacta, acceso actual, seguridad, horarios y disponibilidad. No inferir popularidad o capacidad."
ATTR-0043,Boca del Río,Casa Museo de Agustín Lara,cultura; ciudad,La ficha incluye la Casa Museo de Agustín Lara entre los atractivos.,https://www.veracruz.mx/destino.php?Municipio=28,ATRACCIONES / ENLACES,ampliación 2026-10-09,,PENDIENTE_COTEJO_INDIVIDUAL,atractivo_o_actividad_asociada_a_municipio,,NO COMPROBADO,NO COMPROBADO,"Comprobar ubicación exacta, acceso actual, seguridad, horarios y disponibilidad. No inferir popularidad o capacidad."
ATTR-0044,Castillo de Teayo,Pirámide de Castillo de Teayo,arqueología,La ficha describe la pirámide prehispánica situada en la plaza principal.,https://www.veracruz.mx/destino.php?Municipio=157,MONUMENTOS HISTÓRICOS,ampliación 2026-10-09,,PENDIENTE_COTEJO_INDIVIDUAL,atractivo_o_actividad_asociada_a_municipio,DUPLICADO_CON_REVISION_DIRECTA,NO COMPROBADO,NO COMPROBADO,"Comprobar ubicación exacta, acceso actual, seguridad, horarios y disponibilidad. No inferir popularidad o capacidad."
ATTR-0045,Castillo de Teayo,Museo municipal de piezas arqueológicas,arqueología; cultura,La ficha identifica un museo con piezas recuperadas del sitio.,https://www.veracruz.mx/destino.php?Municipio=157,MUSEOS,ampliación 2026-10-09,,PENDIENTE_COTEJO_INDIVIDUAL,atractivo_o_actividad_asociada_a_municipio,,NO COMPROBADO,NO COMPROBADO,"Comprobar ubicación exacta, acceso actual, seguridad, horarios y disponibilidad. No inferir popularidad o capacidad."
ATTR-0046,Cazones de Herrera,Playa Azul,costa,La ficha municipal nombra Playa Azul entre las playas.,https://www.veracruz.mx/destino.php?Municipio=33,CENTROS TURÍSTICOS,ampliación 2026-10-09,,PENDIENTE_COTEJO_INDIVIDUAL,atractivo_o_actividad_asociada_a_municipio,,NO COMPROBADO,NO COMPROBADO,"Comprobar ubicación exacta, acceso actual, seguridad, horarios y disponibilidad. No inferir popularidad o capacidad."
ATTR-0047,Cazones de Herrera,Barra de Cazones,naturaleza; costa,La ficha documenta la desembocadura del río Cazones en la barra.,https://www.veracruz.mx/destino.php?Municipio=33,HIDROGRAFÍA,ampliación 2026-10-09,,PENDIENTE_COTEJO_INDIVIDUAL,atractivo_o_actividad_asociada_a_municipio,,NO COMPROBADO,NO COMPROBADO,"Comprobar ubicación exacta, acceso actual, seguridad, horarios y disponibilidad. No inferir popularidad o capacidad."
ATTR-0048,Cazones de Herrera,Playa Chaparrales,costa,La ficha municipal incluye Chaparrales entre sus playas.,https://www.veracruz.mx/destino.php?Municipio=33,CENTROS TURÍSTICOS,ampliación 2026-10-09,,PENDIENTE_COTEJO_INDIVIDUAL,atractivo_o_actividad_asociada_a_municipio,,NO COMPROBADO,NO COMPROBADO,"Comprobar ubicación exacta, acceso actual, seguridad, horarios y disponibilidad. No inferir popularidad o capacidad."
ATTR-0049,Chinameca,Monumento a la Revolución,historia; cultura,La ficha municipal menciona un monumento dedicado a precursores revolucionarios chinamecos.,https://www.veracruz.mx/destino.php?Municipio=59,MONUMENTOS HISTÓRICOS,ampliación 2026-10-09,,PENDIENTE_COTEJO_INDIVIDUAL,atractivo_o_actividad_asociada_a_municipio,,NO COMPROBADO,NO COMPROBADO,"Comprobar ubicación exacta, acceso actual, seguridad, horarios y disponibilidad. No inferir popularidad o capacidad."
ATTR-0050,Chinameca,Parroquia de San Juan Bautista,historia; cultura,La ficha identifica la parroquia y describe sus cambios constructivos.,https://www.veracruz.mx/destino.php?Municipio=59,MONUMENTOS HISTÓRICOS,ampliación 2026-10-09,,PENDIENTE_COTEJO_INDIVIDUAL,atractivo_o_actividad_asociada_a_municipio,,NO COMPROBADO,NO COMPROBADO,"Comprobar ubicación exacta, acceso actual, seguridad, horarios y disponibilidad. No inferir popularidad o capacidad."
ATTR-0051,Coscomatepec,El Nacimiento de Agua,naturaleza,La ficha cita un paraje de aguas cristalinas utilizado como sitio recreativo.,https://www.veracruz.mx/destino.php?Municipio=47,CENTROS TURÍSTICOS,ampliación 2026-10-09,,PENDIENTE_COTEJO_INDIVIDUAL,atractivo_o_actividad_asociada_a_municipio,,NO COMPROBADO,NO COMPROBADO,"Comprobar ubicación exacta, acceso actual, seguridad, horarios y disponibilidad. No inferir popularidad o capacidad."
ATTR-0052,Coscomatepec,Museo Municipal,cultura; arqueología,La ficha describe un museo con exposición permanente prehispánica.,https://www.veracruz.mx/destino.php?Municipio=47,MUSEOS,ampliación 2026-10-09,,PENDIENTE_COTEJO_INDIVIDUAL,atractivo_o_actividad_asociada_a_municipio,,NO COMPROBADO,NO COMPROBADO,"Comprobar ubicación exacta, acceso actual, seguridad, horarios y disponibilidad. No inferir popularidad o capacidad."
ATTR-0053,Coscomatepec,Parroquia de San Juan Bautista,cultura,La ficha enumera la iglesia de San Juan Bautista entre los monumentos.,https://www.veracruz.mx/destino.php?Municipio=47,MONUMENTOS HISTÓRICOS,ampliación 2026-10-09,,PENDIENTE_COTEJO_INDIVIDUAL,atractivo_o_actividad_asociada_a_municipio,,NO COMPROBADO,NO COMPROBADO,"Comprobar ubicación exacta, acceso actual, seguridad, horarios y disponibilidad. No inferir popularidad o capacidad."
ATTR-0054,Córdoba,Centro Histórico de Córdoba,cultura; historia,La ficha identifica el centro histórico y sus edificios de los siglos XVII y XVIII.,https://www.veracruz.mx/destino.php?Municipio=44,CENTROS TURÍSTICOS,ampliación 2026-10-09,,PENDIENTE_COTEJO_INDIVIDUAL,atractivo_o_actividad_asociada_a_municipio,,NO COMPROBADO,NO COMPROBADO,"Comprobar ubicación exacta, acceso actual, seguridad, horarios y disponibilidad. No inferir popularidad o capacidad."
ATTR-0055,Córdoba,Portal de Zevallos,cultura; historia,La ficha nombra la Casa de los Condes de Ceballos y el portal entre los sitios históricos.,https://www.veracruz.mx/destino.php?Municipio=44,CENTROS TURÍSTICOS,ampliación 2026-10-09,,PENDIENTE_COTEJO_INDIVIDUAL,atractivo_o_actividad_asociada_a_municipio,,NO COMPROBADO,NO COMPROBADO,"Comprobar ubicación exacta, acceso actual, seguridad, horarios y disponibilidad. No inferir popularidad o capacidad."
ATTR-0056,Córdoba,Museo del Café de Córdoba,gastronomía; café,La ficha oficial incluye el Museo del Café entre sus puntos de interés.,https://www.veracruz.mx/destino.php?Municipio=44,ATRACCIONES / ENLACES,ampliación 2026-10-09,,PENDIENTE_COTEJO_INDIVIDUAL,atractivo_o_actividad_asociada_a_municipio,,NO COMPROBADO,NO COMPROBADO,"Comprobar ubicación exacta, acceso actual, seguridad, horarios y disponibilidad. No inferir popularidad o capacidad."
ATTR-0057,Fortín,Barranca del Metlac,naturaleza; historia,La ficha describe la barranca y sus puentes históricos como paraje natural y patrimonial.,https://www.veracruz.mx/destino.php?Municipio=68,CENTROS TURÍSTICOS,ampliación 2026-10-09,,PENDIENTE_COTEJO_INDIVIDUAL,atractivo_o_actividad_asociada_a_municipio,,NO COMPROBADO,NO COMPROBADO,"Comprobar ubicación exacta, acceso actual, seguridad, horarios y disponibilidad. No inferir popularidad o capacidad."
ATTR-0058,Fortín,Antiguo puente del ferrocarril Mexicano,historia,La ficha destaca el histórico puente ferroviario de Metlac.,https://www.veracruz.mx/destino.php?Municipio=68,CENTROS TURÍSTICOS,ampliación 2026-10-09,,PENDIENTE_COTEJO_INDIVIDUAL,atractivo_o_actividad_asociada_a_municipio,,NO COMPROBADO,NO COMPROBADO,"Comprobar ubicación exacta, acceso actual, seguridad, horarios y disponibilidad. No inferir popularidad o capacidad."
ATTR-0059,Huatusco,Teatro Solleiro,cultura; historia,La ficha enumera Teatro Solleiro entre los edificios históricos.,https://www.veracruz.mx/destino.php?Municipio=71,MONUMENTOS HISTÓRICOS,ampliación 2026-10-09,,PENDIENTE_COTEJO_INDIVIDUAL,atractivo_o_actividad_asociada_a_municipio,,NO COMPROBADO,NO COMPROBADO,"Comprobar ubicación exacta, acceso actual, seguridad, horarios y disponibilidad. No inferir popularidad o capacidad."
ATTR-0060,Huatusco,Cerro de Guadalupe,cultura; historia,La ficha incluye Cerro de Guadalupe en sus referencias a templos y capillas.,https://www.veracruz.mx/destino.php?Municipio=71,MONUMENTOS HISTÓRICOS,ampliación 2026-10-09,,PENDIENTE_COTEJO_INDIVIDUAL,atractivo_o_actividad_asociada_a_municipio,,NO COMPROBADO,NO COMPROBADO,"Comprobar ubicación exacta, acceso actual, seguridad, horarios y disponibilidad. No inferir popularidad o capacidad."
ATTR-0061,Jesús Carranza,Sitio de Las Limas,arqueología,La ficha ubica en Las Limas un lugar de interés arqueológico llamado El Señor de Las Limas; comprobar acceso.,https://www.veracruz.mx/destino.php?Municipio=91,MONUMENTOS HISTÓRICOS,ampliación 2026-10-09,,PENDIENTE_COTEJO_INDIVIDUAL,atractivo_o_actividad_asociada_a_municipio,,NO COMPROBADO,NO COMPROBADO,"Comprobar ubicación exacta, acceso actual, seguridad, horarios y disponibilidad. No inferir popularidad o capacidad."
ATTR-0062,Jesús Carranza,Feria de Santa Lucrecia,cultura,La ficha menciona fiestas tradicionales y danzas en noviembre; comprobar calendario antes de publicar.,https://www.veracruz.mx/destino.php?Municipio=91,FIESTAS Y TRADICIONES,ampliación 2026-10-09,,PENDIENTE_COTEJO_INDIVIDUAL,atractivo_o_actividad_asociada_a_municipio,DUPLICADO_CON_REVISION_DIRECTA,NO COMPROBADO,NO COMPROBADO,"Comprobar ubicación exacta, acceso actual, seguridad, horarios y disponibilidad. No inferir popularidad o capacidad."
ATTR-0063,Jáltipan,Los Siete Pozos,naturaleza; cultura,La ficha describe pozos comunales asociados con prácticas y memoria local.,https://www.veracruz.mx/destino.php?Municipio=89,FIESTAS Y TRADICIONES,ampliación 2026-10-09,,PENDIENTE_COTEJO_INDIVIDUAL,atractivo_o_actividad_asociada_a_municipio,,NO COMPROBADO,NO COMPROBADO,"Comprobar ubicación exacta, acceso actual, seguridad, horarios y disponibilidad. No inferir popularidad o capacidad."
ATTR-0064,Jáltipan,Feria Folclórica de Jáltipan,cultura,La ficha documenta la feria dedicada a tradiciones e historia local.,https://www.veracruz.mx/destino.php?Municipio=89,FIESTAS Y TRADICIONES,ampliación 2026-10-09,,PENDIENTE_COTEJO_INDIVIDUAL,atractivo_o_actividad_asociada_a_municipio,,NO COMPROBADO,NO COMPROBADO,"Comprobar ubicación exacta, acceso actual, seguridad, horarios y disponibilidad. No inferir popularidad o capacidad."
ATTR-0065,Las Choapas,Balneario natural de San José del Carmen,naturaleza; recreación,La ficha municipal describe un balneario natural en la congregación San José del Carmen.,https://www.veracruz.mx/destino.php?Municipio=61,CENTROS TURÍSTICOS,ampliación 2026-10-09,,PENDIENTE_COTEJO_INDIVIDUAL,atractivo_o_actividad_asociada_a_municipio,,NO COMPROBADO,NO COMPROBADO,"Comprobar ubicación exacta, acceso actual, seguridad, horarios y disponibilidad. No inferir popularidad o capacidad."
ATTR-0066,Minatitlán,Palacio Municipal de Minatitlán,cultura; historia,La ficha enumera el Palacio Municipal como monumento local.,https://www.veracruz.mx/destino.php?Municipio=108,MONUMENTOS HISTÓRICOS,ampliación 2026-10-09,,PENDIENTE_COTEJO_INDIVIDUAL,atractivo_o_actividad_asociada_a_municipio,,NO COMPROBADO,NO COMPROBADO,"Comprobar ubicación exacta, acceso actual, seguridad, horarios y disponibilidad. No inferir popularidad o capacidad."
ATTR-0067,Minatitlán,Fiestas de San Juan Bautista,cultura,La ficha documenta la celebración tradicional; comprobar calendario vigente.,https://www.veracruz.mx/destino.php?Municipio=108,FIESTAS Y TRADICIONES,ampliación 2026-10-09,,PENDIENTE_COTEJO_INDIVIDUAL,atractivo_o_actividad_asociada_a_municipio,,NO COMPROBADO,NO COMPROBADO,"Comprobar ubicación exacta, acceso actual, seguridad, horarios y disponibilidad. No inferir popularidad o capacidad."
ATTR-0068,Nautla,Playa Maracaibo,costa,La ficha ubica esta playa cerca de la cabecera municipal.,https://www.veracruz.mx/destino.php?Municipio=114,CENTROS TURÍSTICOS,ampliación 2026-10-09,,PENDIENTE_COTEJO_INDIVIDUAL,atractivo_o_actividad_asociada_a_municipio,,NO COMPROBADO,NO COMPROBADO,"Comprobar ubicación exacta, acceso actual, seguridad, horarios y disponibilidad. No inferir popularidad o capacidad."
ATTR-0069,Nautla,Río Bobos en Nautla,naturaleza,La ficha incluye el río Bobos en sus referencias turísticas.,https://www.veracruz.mx/destino.php?Municipio=114,ATRACCIONES / ENLACES,ampliación 2026-10-09,,PENDIENTE_COTEJO_INDIVIDUAL,atractivo_o_actividad_asociada_a_municipio,,NO COMPROBADO,NO COMPROBADO,"Comprobar ubicación exacta, acceso actual, seguridad, horarios y disponibilidad. No inferir popularidad o capacidad."
ATTR-0070,Poza Rica de Hidalgo,Monumento a la Maquinita,historia; cultura,La ficha incluye el monumento entre los puntos históricos y urbanos de la ciudad.,https://www.veracruz.mx/destino.php?Municipio=131,MONUMENTOS HISTÓRICOS,ampliación 2026-10-09,,PENDIENTE_COTEJO_INDIVIDUAL,atractivo_o_actividad_asociada_a_municipio,,NO COMPROBADO,NO COMPROBADO,"Comprobar ubicación exacta, acceso actual, seguridad, horarios y disponibilidad. No inferir popularidad o capacidad."
ATTR-0071,Poza Rica de Hidalgo,Parque de las Américas,cultura; ciudad,La ficha enumera el Parque de las Américas entre los lugares de interés.,https://www.veracruz.mx/destino.php?Municipio=131,MONUMENTOS HISTÓRICOS,ampliación 2026-10-09,,PENDIENTE_COTEJO_INDIVIDUAL,atractivo_o_actividad_asociada_a_municipio,,NO COMPROBADO,NO COMPROBADO,"Comprobar ubicación exacta, acceso actual, seguridad, horarios y disponibilidad. No inferir popularidad o capacidad."
ATTR-0072,Puente Nacional,Puente del Rey,historia,La ficha enumera el histórico Puente del Rey entre sus monumentos.,https://www.veracruz.mx/destino.php?Municipio=134,MONUMENTOS HISTÓRICOS,ampliación 2026-10-09,,PENDIENTE_COTEJO_INDIVIDUAL,atractivo_o_actividad_asociada_a_municipio,,NO COMPROBADO,NO COMPROBADO,"Comprobar ubicación exacta, acceso actual, seguridad, horarios y disponibilidad. No inferir popularidad o capacidad."
ATTR-0073,Puente Nacional,Fuerte del Cerro de la Concepción,historia,La ficha cita el fuerte como patrimonio histórico.,https://www.veracruz.mx/destino.php?Municipio=134,MONUMENTOS HISTÓRICOS,ampliación 2026-10-09,,PENDIENTE_COTEJO_INDIVIDUAL,atractivo_o_actividad_asociada_a_municipio,,NO COMPROBADO,NO COMPROBADO,"Comprobar ubicación exacta, acceso actual, seguridad, horarios y disponibilidad. No inferir popularidad o capacidad."
ATTR-0074,Pánuco,Casa de la Cultura de Pánuco,cultura; arqueología,La ficha documenta una colección permanente con piezas huastecas y fotografías históricas.,https://www.veracruz.mx/destino.php?Municipio=123,MUSEOS,ampliación 2026-10-09,,PENDIENTE_COTEJO_INDIVIDUAL,atractivo_o_actividad_asociada_a_municipio,,NO COMPROBADO,NO COMPROBADO,"Comprobar ubicación exacta, acceso actual, seguridad, horarios y disponibilidad. No inferir popularidad o capacidad."
ATTR-0075,Pánuco,Plaza de la Concordia,cultura; ciudad,La ficha menciona la Plaza de la Concordia entre los monumentos urbanos.,https://www.veracruz.mx/destino.php?Municipio=123,MONUMENTOS HISTÓRICOS,ampliación 2026-10-09,,PENDIENTE_COTEJO_INDIVIDUAL,atractivo_o_actividad_asociada_a_municipio,,NO COMPROBADO,NO COMPROBADO,"Comprobar ubicación exacta, acceso actual, seguridad, horarios y disponibilidad. No inferir popularidad o capacidad."
ATTR-0076,Santiago Tuxtla,Zona arqueológica Tres Zapotes,arqueología,La ficha municipal ubica Tres Zapotes en su territorio.,https://www.veracruz.mx/destino.php?Municipio=143,MONUMENTOS HISTÓRICOS,ampliación 2026-10-09,,PENDIENTE_COTEJO_INDIVIDUAL,atractivo_o_actividad_asociada_a_municipio,,NO COMPROBADO,NO COMPROBADO,"Comprobar ubicación exacta, acceso actual, seguridad, horarios y disponibilidad. No inferir popularidad o capacidad."
ATTR-0077,Santiago Tuxtla,Museo Regional Tuxteco,arqueología; cultura,La ficha identifica un museo con colecciones olmecas y de otras culturas del Golfo.,https://www.veracruz.mx/destino.php?Municipio=143,MUSEOS,ampliación 2026-10-09,,PENDIENTE_COTEJO_INDIVIDUAL,atractivo_o_actividad_asociada_a_municipio,,NO COMPROBADO,NO COMPROBADO,"Comprobar ubicación exacta, acceso actual, seguridad, horarios y disponibilidad. No inferir popularidad o capacidad."
ATTR-0078,Tecolutla,Costa Esmeralda,costa,La ficha menciona esta franja costera y sus instalaciones turísticas.,https://www.veracruz.mx/destino.php?Municipio=158,CENTROS TURÍSTICOS,ampliación 2026-10-09,,PENDIENTE_COTEJO_INDIVIDUAL,atractivo_o_actividad_asociada_a_municipio,,NO COMPROBADO,NO COMPROBADO,"Comprobar ubicación exacta, acceso actual, seguridad, horarios y disponibilidad. No inferir popularidad o capacidad."
ATTR-0079,Tecolutla,Museo Marino Comunitario,cultura; naturaleza,La ficha enlaza el Museo Marino y lo describe como espacio sobre productos del mar y río.,https://www.veracruz.mx/destino.php?Municipio=158,MUSEOS / ENLACES,ampliación 2026-10-09,,PENDIENTE_COTEJO_INDIVIDUAL,atractivo_o_actividad_asociada_a_municipio,,NO COMPROBADO,NO COMPROBADO,"Comprobar ubicación exacta, acceso actual, seguridad, horarios y disponibilidad. No inferir popularidad o capacidad."
ATTR-0080,Tecolutla,Zona Arqueológica de Hueytepec,arqueología,La ficha incluye Hueytepec en la sección de monumentos.,https://www.veracruz.mx/destino.php?Municipio=158,MONUMENTOS HISTÓRICOS,ampliación 2026-10-09,,PENDIENTE_COTEJO_INDIVIDUAL,atractivo_o_actividad_asociada_a_municipio,,NO COMPROBADO,NO COMPROBADO,"Comprobar ubicación exacta, acceso actual, seguridad, horarios y disponibilidad. No inferir popularidad o capacidad."
ATTR-0081,Texistepec,San Lorenzo Tenochtitlán,arqueología,La ficha documenta el centro ceremonial olmeca y sus hallazgos monumentales.,https://www.veracruz.mx/destino.php?Municipio=172,MONUMENTOS HISTÓRICOS,ampliación 2026-10-09,,PENDIENTE_COTEJO_INDIVIDUAL,atractivo_o_actividad_asociada_a_municipio,,NO COMPROBADO,NO COMPROBADO,"Comprobar ubicación exacta, acceso actual, seguridad, horarios y disponibilidad. No inferir popularidad o capacidad."
ATTR-0082,Texistepec,El Azul,arqueología,La ficha describe esculturas olmecas localizadas en El Azul.,https://www.veracruz.mx/destino.php?Municipio=172,MONUMENTOS HISTÓRICOS,ampliación 2026-10-09,,PENDIENTE_COTEJO_INDIVIDUAL,atractivo_o_actividad_asociada_a_municipio,,NO COMPROBADO,NO COMPROBADO,"Comprobar ubicación exacta, acceso actual, seguridad, horarios y disponibilidad. No inferir popularidad o capacidad."
ATTR-0083,Tlalnelhuayocan,Iglesia de San Andrés Apóstol,historia; cultura,La ficha identifica esta iglesia histórica en el municipio.,https://www.veracruz.mx/destino.php?Municipio=182,MONUMENTOS HISTÓRICOS,ampliación 2026-10-09,,PENDIENTE_COTEJO_INDIVIDUAL,atractivo_o_actividad_asociada_a_municipio,,NO COMPROBADO,NO COMPROBADO,"Comprobar ubicación exacta, acceso actual, seguridad, horarios y disponibilidad. No inferir popularidad o capacidad."
ATTR-0084,Ursulo Galván,Zona Arqueológica de Cempoala,arqueología,La ficha describe edificios y museo del sitio totonaca.,https://www.veracruz.mx/destino.php?Municipio=191,MONUMENTOS HISTÓRICOS,ampliación 2026-10-09,,PENDIENTE_COTEJO_INDIVIDUAL,atractivo_o_actividad_asociada_a_municipio,,NO COMPROBADO,NO COMPROBADO,"Comprobar ubicación exacta, acceso actual, seguridad, horarios y disponibilidad. No inferir popularidad o capacidad."
ATTR-0085,Ursulo Galván,Playa de Chachalacas,costa,La ficha describe Chachalacas como atractivo de playa.,https://www.veracruz.mx/destino.php?Municipio=191,CENTROS TURÍSTICOS,ampliación 2026-10-09,,PENDIENTE_COTEJO_INDIVIDUAL,atractivo_o_actividad_asociada_a_municipio,,NO COMPROBADO,NO COMPROBADO,"Comprobar ubicación exacta, acceso actual, seguridad, horarios y disponibilidad. No inferir popularidad o capacidad."
ATTR-0086,Vega de Alatorre,Pirámides de Las Higueras,arqueología,La ficha incluye el sitio entre monumentos y patrimonio arqueológico.,https://www.veracruz.mx/destino.php?Municipio=192,MONUMENTOS HISTÓRICOS,ampliación 2026-10-09,,PENDIENTE_COTEJO_INDIVIDUAL,atractivo_o_actividad_asociada_a_municipio,,NO COMPROBADO,NO COMPROBADO,"Comprobar ubicación exacta, acceso actual, seguridad, horarios y disponibilidad. No inferir popularidad o capacidad."
ATTR-0087,Vega de Alatorre,El Farallón de San Carlos,costa,La ficha nombra este enclave costero y su playa.,https://www.veracruz.mx/destino.php?Municipio=192,CENTROS TURÍSTICOS,ampliación 2026-10-09,,PENDIENTE_COTEJO_INDIVIDUAL,atractivo_o_actividad_asociada_a_municipio,,NO COMPROBADO,NO COMPROBADO,"Comprobar ubicación exacta, acceso actual, seguridad, horarios y disponibilidad. No inferir popularidad o capacidad."
ATTR-0088,Xalapa,Catedral Metropolitana de Xalapa,historia; cultura,La ficha ofrece información histórica y arquitectónica de la catedral.,https://www.veracruz.mx/destino.php?Municipio=87,MONUMENTOS HISTÓRICOS,ampliación 2026-10-09,,PENDIENTE_COTEJO_INDIVIDUAL,atractivo_o_actividad_asociada_a_municipio,,NO COMPROBADO,NO COMPROBADO,"Comprobar ubicación exacta, acceso actual, seguridad, horarios y disponibilidad. No inferir popularidad o capacidad."
ATTR-0089,Xalapa,Parque Juárez,cultura; ciudad,La ficha incluye Parque Juárez entre los sitios patrimoniales y urbanos.,https://www.veracruz.mx/destino.php?Municipio=87,MONUMENTOS HISTÓRICOS,ampliación 2026-10-09,,PENDIENTE_COTEJO_INDIVIDUAL,atractivo_o_actividad_asociada_a_municipio,,NO COMPROBADO,NO COMPROBADO,"Comprobar ubicación exacta, acceso actual, seguridad, horarios y disponibilidad. No inferir popularidad o capacidad."
ATTR-0090,Acajete,Horno histórico de pan,patrimonio,La ficha describe un horno de pan de antigüedad aproximada de tres siglos.,https://www.veracruz.mx/destino.php?Municipio=1,MONUMENTOS HISTÓRICOS,nuevo; cotejo directo ficha oficial 2026-10-09,2026-10-09,TEXTO_RESPALDADO_EN_FUENTE_OFICIAL,municipio_segun_ficha_oficial,,NO COMPROBADO,NO COMPROBADO,"Acceso/operación, ubicación exacta y derechos de imágenes no comprobados."
ATTR-0091,Acajete,Iglesia de La Joya,patrimonio,La ficha enumera una iglesia histórica en la localidad de La Joya.,https://www.veracruz.mx/destino.php?Municipio=1,MONUMENTOS HISTÓRICOS,nuevo; cotejo directo ficha oficial 2026-10-09,2026-10-09,TEXTO_RESPALDADO_EN_FUENTE_OFICIAL,municipio_segun_ficha_oficial,,NO COMPROBADO,NO COMPROBADO,"Acceso/operación, ubicación exacta y derechos de imágenes no comprobados."
ATTR-0092,Acajete,Iglesia de Acajete,patrimonio,La ficha incluye la iglesia local entre los monumentos históricos.,https://www.veracruz.mx/destino.php?Municipio=1,MONUMENTOS HISTÓRICOS,nuevo; cotejo directo ficha oficial 2026-10-09,2026-10-09,TEXTO_RESPALDADO_EN_FUENTE_OFICIAL,municipio_segun_ficha_oficial,,NO COMPROBADO,NO COMPROBADO,"Acceso/operación, ubicación exacta y derechos de imágenes no comprobados."
ATTR-0093,Catemaco,Laguna de Catemaco,naturaleza,La ficha describe el lago y sus islas como elementos turísticos del municipio.,https://www.veracruz.mx/destino.php?Municipio=32,CENTROS TURÍSTICOS / GASTRONOMÍA,nuevo; cotejo directo ficha oficial 2026-10-09,2026-10-09,TEXTO_RESPALDADO_EN_FUENTE_OFICIAL,municipio_segun_ficha_oficial,,NO COMPROBADO,NO COMPROBADO,"Acceso/operación, ubicación exacta y derechos de imágenes no comprobados."
ATTR-0094,Catemaco,Reserva Ecológica Nanciyaga,naturaleza; bienestar,Se describen recorridos de observación de flora y actividades de temazcal en Nanciyaga.,https://www.veracruz.mx/destino.php?Municipio=32,CENTROS TURÍSTICOS / GASTRONOMÍA,nuevo; cotejo directo ficha oficial 2026-10-09,2026-10-09,TEXTO_RESPALDADO_EN_FUENTE_OFICIAL,municipio_segun_ficha_oficial,,NO COMPROBADO,NO COMPROBADO,"Acceso/operación, ubicación exacta y derechos de imágenes no comprobados."
ATTR-0095,Catemaco,Laguna de Sontecomapan,naturaleza; costa,La ficha ofrece información sobre recorridos en lancha y manglares en Sontecomapan.,https://www.veracruz.mx/destino.php?Municipio=32,CENTROS TURÍSTICOS / GASTRONOMÍA,nuevo; cotejo directo ficha oficial 2026-10-09,2026-10-09,TEXTO_RESPALDADO_EN_FUENTE_OFICIAL,municipio_segun_ficha_oficial,,NO COMPROBADO,NO COMPROBADO,"Acceso/operación, ubicación exacta y derechos de imágenes no comprobados."
ATTR-0096,Catemaco,Playa Hicacal,playa; naturaleza,Hicacal aparece entre las playas municipales mencionadas en la ficha oficial.,https://www.veracruz.mx/destino.php?Municipio=32,CENTROS TURÍSTICOS / GASTRONOMÍA,nuevo; cotejo directo ficha oficial 2026-10-09,2026-10-09,TEXTO_RESPALDADO_EN_FUENTE_OFICIAL,municipio_segun_ficha_oficial,,NO COMPROBADO,NO COMPROBADO,"Acceso/operación, ubicación exacta y derechos de imágenes no comprobados."
ATTR-0097,Catemaco,Playa Escondida,playa; naturaleza,Playa Escondida aparece entre las playas de Catemaco mencionadas en la ficha oficial.,https://www.veracruz.mx/destino.php?Municipio=32,CENTROS TURÍSTICOS / GASTRONOMÍA,nuevo; cotejo directo ficha oficial 2026-10-09,2026-10-09,TEXTO_RESPALDADO_EN_FUENTE_OFICIAL,municipio_segun_ficha_oficial,,NO COMPROBADO,NO COMPROBADO,"Acceso/operación, ubicación exacta y derechos de imágenes no comprobados."
ATTR-0098,Catemaco,Playa Monte Pío,playa; naturaleza,Monte Pío aparece entre las playas municipales enumeradas en la ficha.,https://www.veracruz.mx/destino.php?Municipio=32,CENTROS TURÍSTICOS / GASTRONOMÍA,nuevo; cotejo directo ficha oficial 2026-10-09,2026-10-09,TEXTO_RESPALDADO_EN_FUENTE_OFICIAL,municipio_segun_ficha_oficial,,NO COMPROBADO,NO COMPROBADO,"Acceso/operación, ubicación exacta y derechos de imágenes no comprobados."
ATTR-0099,Catemaco,Gastronomía lacustre: tegogolos y topotes,gastronomía,La ficha describe preparaciones regionales con tegogolos y topotes del lago.,https://www.veracruz.mx/destino.php?Municipio=32,CENTROS TURÍSTICOS / GASTRONOMÍA,nuevo; cotejo directo ficha oficial 2026-10-09,2026-10-09,TEXTO_RESPALDADO_EN_FUENTE_OFICIAL,municipio_segun_ficha_oficial,,NO COMPROBADO,NO COMPROBADO,"Acceso/operación, ubicación exacta y derechos de imágenes no comprobados."
ATTR-0100,Coatepec,Parroquia de San Jerónimo,patrimonio,El portal enumera el templo de San Jerónimo entre los inmuebles históricos.,https://www.veracruz.mx/destino.php?Municipio=38,MONUMENTOS HISTÓRICOS / MUSEOS / ENLACES DE ATRACCIONES,nuevo; cotejo directo ficha oficial 2026-10-09,2026-10-09,TEXTO_RESPALDADO_EN_FUENTE_OFICIAL,municipio_segun_ficha_oficial,,NO COMPROBADO,NO COMPROBADO,"Acceso/operación, ubicación exacta y derechos de imágenes no comprobados."
ATTR-0101,Coatepec,Casa Museo de María Enriqueta,museo; cultura,La ficha menciona un museo instalado en la casa de María Enriqueta.,https://www.veracruz.mx/destino.php?Municipio=38,MONUMENTOS HISTÓRICOS / MUSEOS / ENLACES DE ATRACCIONES,nuevo; cotejo directo ficha oficial 2026-10-09,2026-10-09,TEXTO_RESPALDADO_EN_FUENTE_OFICIAL,municipio_segun_ficha_oficial,,NO COMPROBADO,NO COMPROBADO,"Acceso/operación, ubicación exacta y derechos de imágenes no comprobados."
ATTR-0102,Coatepec,Cascada Bola de Oro,naturaleza,La ficha oficial incluye un apartado de Cascada Bola de Oro.,https://www.veracruz.mx/destino.php?Municipio=38,MONUMENTOS HISTÓRICOS / MUSEOS / ENLACES DE ATRACCIONES,nuevo; cotejo directo ficha oficial 2026-10-09,2026-10-09,TEXTO_RESPALDADO_EN_FUENTE_OFICIAL,municipio_segun_ficha_oficial,,NO COMPROBADO,NO COMPROBADO,"Acceso/operación, ubicación exacta y derechos de imágenes no comprobados."
ATTR-0103,Coatepec,Cascada La Granada,naturaleza,La ficha oficial incluye un apartado de Cascada La Granada.,https://www.veracruz.mx/destino.php?Municipio=38,MONUMENTOS HISTÓRICOS / MUSEOS / ENLACES DE ATRACCIONES,nuevo; cotejo directo ficha oficial 2026-10-09,2026-10-09,TEXTO_RESPALDADO_EN_FUENTE_OFICIAL,municipio_segun_ficha_oficial,,NO COMPROBADO,NO COMPROBADO,"Acceso/operación, ubicación exacta y derechos de imágenes no comprobados."
ATTR-0104,Coatepec,Ex Hacienda La Orduña,patrimonio,La ficha oficial incluye la Ex Hacienda La Orduña entre sus recursos enlazados.,https://www.veracruz.mx/destino.php?Municipio=38,MONUMENTOS HISTÓRICOS / MUSEOS / ENLACES DE ATRACCIONES,nuevo; cotejo directo ficha oficial 2026-10-09,2026-10-09,TEXTO_RESPALDADO_EN_FUENTE_OFICIAL,municipio_segun_ficha_oficial,,NO COMPROBADO,NO COMPROBADO,"Acceso/operación, ubicación exacta y derechos de imágenes no comprobados."
ATTR-0105,Coatepec,Museo de la Orquídea,naturaleza; museo,La ficha oficial enumera el Museo de la Orquídea.,https://www.veracruz.mx/destino.php?Municipio=38,MONUMENTOS HISTÓRICOS / MUSEOS / ENLACES DE ATRACCIONES,nuevo; cotejo directo ficha oficial 2026-10-09,2026-10-09,TEXTO_RESPALDADO_EN_FUENTE_OFICIAL,municipio_segun_ficha_oficial,,NO COMPROBADO,NO COMPROBADO,"Acceso/operación, ubicación exacta y derechos de imágenes no comprobados."
ATTR-0106,Xico,Cascada de Texolo,naturaleza,La ficha describe la cascada de Texolo y su entorno de vegetación.,https://www.veracruz.mx/destino.php?Municipio=92,MONUMENTOS HISTÓRICOS / MUSEOS / CENTROS TURÍSTICOS,nuevo; cotejo directo ficha oficial 2026-10-09,2026-10-09,TEXTO_RESPALDADO_EN_FUENTE_OFICIAL,municipio_segun_ficha_oficial,,NO COMPROBADO,NO COMPROBADO,"Acceso/operación, ubicación exacta y derechos de imágenes no comprobados."
ATTR-0107,Xico,Parroquia de Santa María Magdalena,patrimonio,La ficha describe la parroquia y su arquitectura histórica.,https://www.veracruz.mx/destino.php?Municipio=92,MONUMENTOS HISTÓRICOS / MUSEOS / CENTROS TURÍSTICOS,nuevo; cotejo directo ficha oficial 2026-10-09,2026-10-09,TEXTO_RESPALDADO_EN_FUENTE_OFICIAL,municipio_segun_ficha_oficial,,NO COMPROBADO,NO COMPROBADO,"Acceso/operación, ubicación exacta y derechos de imágenes no comprobados."
ATTR-0108,Xico,Museo del Danzante,museo; cultura,La ficha incluye el Museo del Danzante entre los museos del municipio.,https://www.veracruz.mx/destino.php?Municipio=92,MONUMENTOS HISTÓRICOS / MUSEOS / CENTROS TURÍSTICOS,nuevo; cotejo directo ficha oficial 2026-10-09,2026-10-09,TEXTO_RESPALDADO_EN_FUENTE_OFICIAL,municipio_segun_ficha_oficial,,NO COMPROBADO,NO COMPROBADO,"Acceso/operación, ubicación exacta y derechos de imágenes no comprobados."
ATTR-0109,Xico,Museo de Hoja de Maíz,museo; artesanías,La ficha cita el Museo de Hoja de Maíz entre los museos.,https://www.veracruz.mx/destino.php?Municipio=92,MONUMENTOS HISTÓRICOS / MUSEOS / CENTROS TURÍSTICOS,nuevo; cotejo directo ficha oficial 2026-10-09,2026-10-09,TEXTO_RESPALDADO_EN_FUENTE_OFICIAL,municipio_segun_ficha_oficial,,NO COMPROBADO,NO COMPROBADO,"Acceso/operación, ubicación exacta y derechos de imágenes no comprobados."
ATTR-0110,Xico,Plaza de los Portales,patrimonio,La ficha cita los portales como conjunto histórico.,https://www.veracruz.mx/destino.php?Municipio=92,MONUMENTOS HISTÓRICOS / MUSEOS / CENTROS TURÍSTICOS,nuevo; cotejo directo ficha oficial 2026-10-09,2026-10-09,TEXTO_RESPALDADO_EN_FUENTE_OFICIAL,municipio_segun_ficha_oficial,,NO COMPROBADO,NO COMPROBADO,"Acceso/operación, ubicación exacta y derechos de imágenes no comprobados."
ATTR-0111,Xico,Mole xiqueño,gastronomía,La ficha incluye el mole xiqueño como especialidad gastronómica local.,https://www.veracruz.mx/destino.php?Municipio=92,MONUMENTOS HISTÓRICOS / MUSEOS / CENTROS TURÍSTICOS,nuevo; cotejo directo ficha oficial 2026-10-09,2026-10-09,TEXTO_RESPALDADO_EN_FUENTE_OFICIAL,municipio_segun_ficha_oficial,,NO COMPROBADO,NO COMPROBADO,"Acceso/operación, ubicación exacta y derechos de imágenes no comprobados."
ATTR-0112,Papantla,Zona arqueológica El Tajín,arqueología,La ficha enumera El Tajín como zona arqueológica del municipio.,https://www.veracruz.mx/destino.php?Municipio=124,CENTROS TURÍSTICOS / ATRACCIONES ENLAZADAS,nuevo; cotejo directo ficha oficial 2026-10-09,2026-10-09,TEXTO_RESPALDADO_EN_FUENTE_OFICIAL,municipio_segun_ficha_oficial,,NO COMPROBADO,NO COMPROBADO,"Acceso/operación, ubicación exacta y derechos de imágenes no comprobados."
ATTR-0113,Papantla,Zona arqueológica Cuyuxquihui,arqueología; naturaleza,La ficha presenta Cuyuxquihui como sitio arqueológico con vestigios y bosque.,https://www.veracruz.mx/destino.php?Municipio=124,CENTROS TURÍSTICOS / ATRACCIONES ENLAZADAS,nuevo; cotejo directo ficha oficial 2026-10-09,2026-10-09,TEXTO_RESPALDADO_EN_FUENTE_OFICIAL,municipio_segun_ficha_oficial,,NO COMPROBADO,NO COMPROBADO,"Acceso/operación, ubicación exacta y derechos de imágenes no comprobados."
ATTR-0114,Papantla,Costa de Tenixtepec,playa; costa,La ficha menciona playa en la bocana de Tenixtepec.,https://www.veracruz.mx/destino.php?Municipio=124,CENTROS TURÍSTICOS / ATRACCIONES ENLAZADAS,nuevo; cotejo directo ficha oficial 2026-10-09,2026-10-09,TEXTO_RESPALDADO_EN_FUENTE_OFICIAL,municipio_segun_ficha_oficial,,NO COMPROBADO,NO COMPROBADO,"Acceso/operación, ubicación exacta y derechos de imágenes no comprobados."
ATTR-0115,Papantla,Monumento al Volador,patrimonio; cultura,La ficha incluye un enlace al Monumento al Volador.,https://www.veracruz.mx/destino.php?Municipio=124,CENTROS TURÍSTICOS / ATRACCIONES ENLAZADAS,nuevo; cotejo directo ficha oficial 2026-10-09,2026-10-09,TEXTO_RESPALDADO_EN_FUENTE_OFICIAL,municipio_segun_ficha_oficial,,NO COMPROBADO,NO COMPROBADO,"Acceso/operación, ubicación exacta y derechos de imágenes no comprobados."
ATTR-0116,Papantla,Museo Teodoro Cano,museo; cultura,La ficha incluye un enlace al Museo Teodoro Cano.,https://www.veracruz.mx/destino.php?Municipio=124,CENTROS TURÍSTICOS / ATRACCIONES ENLAZADAS,nuevo; cotejo directo ficha oficial 2026-10-09,2026-10-09,TEXTO_RESPALDADO_EN_FUENTE_OFICIAL,municipio_segun_ficha_oficial,,NO COMPROBADO,NO COMPROBADO,"Acceso/operación, ubicación exacta y derechos de imágenes no comprobados."
ATTR-0117,Veracruz,Acuario de Veracruz,cultura; naturaleza,La ficha enumera el acuario y su exhibición marina.,https://www.veracruz.mx/destino.php?Municipio=193,CENTROS TURÍSTICOS,nuevo; cotejo directo ficha oficial 2026-10-09,2026-10-09,TEXTO_RESPALDADO_EN_FUENTE_OFICIAL,municipio_segun_ficha_oficial,,NO COMPROBADO,NO COMPROBADO,"Acceso/operación, ubicación exacta y derechos de imágenes no comprobados."
ATTR-0118,Veracruz,Los Portales de Veracruz,patrimonio; cultura,La ficha identifica Los Portales como espacio de vida musical tradicional.,https://www.veracruz.mx/destino.php?Municipio=193,CENTROS TURÍSTICOS,nuevo; cotejo directo ficha oficial 2026-10-09,2026-10-09,TEXTO_RESPALDADO_EN_FUENTE_OFICIAL,municipio_segun_ficha_oficial,,NO COMPROBADO,NO COMPROBADO,"Acceso/operación, ubicación exacta y derechos de imágenes no comprobados."
ATTR-0119,Veracruz,Baluarte de Santiago,patrimonio,La ficha describe el Baluarte de Santiago como antiguo baluarte virreinal.,https://www.veracruz.mx/destino.php?Municipio=193,CENTROS TURÍSTICOS,nuevo; cotejo directo ficha oficial 2026-10-09,2026-10-09,TEXTO_RESPALDADO_EN_FUENTE_OFICIAL,municipio_segun_ficha_oficial,,NO COMPROBADO,NO COMPROBADO,"Acceso/operación, ubicación exacta y derechos de imágenes no comprobados."
ATTR-0120,Veracruz,Parque Zamora,cultura; urbano,La ficha sitúa en Parque Zamora actividades relacionadas con el danzón.,https://www.veracruz.mx/destino.php?Municipio=193,CENTROS TURÍSTICOS,nuevo; cotejo directo ficha oficial 2026-10-09,2026-10-09,TEXTO_RESPALDADO_EN_FUENTE_OFICIAL,municipio_segun_ficha_oficial,,NO COMPROBADO,NO COMPROBADO,"Acceso/operación, ubicación exacta y derechos de imágenes no comprobados."
ATTR-0121,Veracruz,Playa Villa del Mar,playa; costa,La ficha menciona Villa del Mar entre las playas y actividades del municipio.,https://www.veracruz.mx/destino.php?Municipio=193,CENTROS TURÍSTICOS,nuevo; cotejo directo ficha oficial 2026-10-09,2026-10-09,TEXTO_RESPALDADO_EN_FUENTE_OFICIAL,municipio_segun_ficha_oficial,,NO COMPROBADO,NO COMPROBADO,"Acceso/operación, ubicación exacta y derechos de imágenes no comprobados."
ATTR-0122,Veracruz,Malecón de Veracruz,urbano; cultura,La ficha menciona el malecón como espacio de paseo y actividad comercial.,https://www.veracruz.mx/destino.php?Municipio=193,CENTROS TURÍSTICOS,nuevo; cotejo directo ficha oficial 2026-10-09,2026-10-09,TEXTO_RESPALDADO_EN_FUENTE_OFICIAL,municipio_segun_ficha_oficial,,NO COMPROBADO,NO COMPROBADO,"Acceso/operación, ubicación exacta y derechos de imágenes no comprobados."
ATTR-0123,Orizaba,Cañón del Río Blanco,naturaleza,La ficha describe el cañón y la vegetación en el entorno del río Blanco.,https://www.veracruz.mx/destino.php?Municipio=118,MONUMENTOS HISTÓRICOS / CENTROS TURÍSTICOS / ENLACES,nuevo; cotejo directo ficha oficial 2026-10-09,2026-10-09,TEXTO_RESPALDADO_EN_FUENTE_OFICIAL,municipio_segun_ficha_oficial,,NO COMPROBADO,NO COMPROBADO,"Acceso/operación, ubicación exacta y derechos de imágenes no comprobados."
ATTR-0124,Orizaba,Palacio de Hierro,patrimonio,La ficha incluye un recurso sobre el Palacio de Hierro.,https://www.veracruz.mx/destino.php?Municipio=118,MONUMENTOS HISTÓRICOS / CENTROS TURÍSTICOS / ENLACES,nuevo; cotejo directo ficha oficial 2026-10-09,2026-10-09,TEXTO_RESPALDADO_EN_FUENTE_OFICIAL,municipio_segun_ficha_oficial,,NO COMPROBADO,NO COMPROBADO,"Acceso/operación, ubicación exacta y derechos de imágenes no comprobados."
ATTR-0125,Orizaba,Teleférico de Orizaba,urbano; naturaleza,La ficha incluye un recurso de teleférico.,https://www.veracruz.mx/destino.php?Municipio=118,MONUMENTOS HISTÓRICOS / CENTROS TURÍSTICOS / ENLACES,nuevo; cotejo directo ficha oficial 2026-10-09,2026-10-09,TEXTO_RESPALDADO_EN_FUENTE_OFICIAL,municipio_segun_ficha_oficial,,NO COMPROBADO,NO COMPROBADO,"Acceso/operación, ubicación exacta y derechos de imágenes no comprobados."
ATTR-0126,Orizaba,Museo de Arte del Estado de Veracruz,museo; cultura,La ficha describe las colecciones de arte en el antiguo edificio de los frailes felipenses.,https://www.veracruz.mx/destino.php?Municipio=118,MONUMENTOS HISTÓRICOS / CENTROS TURÍSTICOS / ENLACES,nuevo; cotejo directo ficha oficial 2026-10-09,2026-10-09,TEXTO_RESPALDADO_EN_FUENTE_OFICIAL,municipio_segun_ficha_oficial,,NO COMPROBADO,NO COMPROBADO,"Acceso/operación, ubicación exacta y derechos de imágenes no comprobados."
ATTR-0127,Orizaba,Eco Parque Cerro del Borrego,naturaleza,La ficha enlaza el Eco Parque Cerro del Borrego.,https://www.veracruz.mx/destino.php?Municipio=118,MONUMENTOS HISTÓRICOS / CENTROS TURÍSTICOS / ENLACES,nuevo; cotejo directo ficha oficial 2026-10-09,2026-10-09,TEXTO_RESPALDADO_EN_FUENTE_OFICIAL,municipio_segun_ficha_oficial,,NO COMPROBADO,NO COMPROBADO,"Acceso/operación, ubicación exacta y derechos de imágenes no comprobados."
ATTR-0128,Tlacotalpan,Parroquia de San Cristóbal,patrimonio,La ficha incluye la Parroquia de San Cristóbal en sus atractivos enlazados.,https://www.veracruz.mx/destino.php?Municipio=178,MONUMENTOS / ENLACES DE ATRACCIONES,nuevo; cotejo directo ficha oficial 2026-10-09,2026-10-09,TEXTO_RESPALDADO_EN_FUENTE_OFICIAL,municipio_segun_ficha_oficial,,NO COMPROBADO,NO COMPROBADO,"Acceso/operación, ubicación exacta y derechos de imágenes no comprobados."
ATTR-0129,Tlacotalpan,Santuario de Nuestra Señora de la Candelaria,patrimonio; cultura,La ficha incluye el Santuario de la Virgen de la Candelaria.,https://www.veracruz.mx/destino.php?Municipio=178,MONUMENTOS / ENLACES DE ATRACCIONES,nuevo; cotejo directo ficha oficial 2026-10-09,2026-10-09,TEXTO_RESPALDADO_EN_FUENTE_OFICIAL,municipio_segun_ficha_oficial,,NO COMPROBADO,NO COMPROBADO,"Acceso/operación, ubicación exacta y derechos de imágenes no comprobados."
ATTR-0130,Tlacotalpan,Teatro Netzahualcóyotl,patrimonio; cultura,La ficha identifica el Teatro Netzahualcóyotl.,https://www.veracruz.mx/destino.php?Municipio=178,MONUMENTOS / ENLACES DE ATRACCIONES,nuevo; cotejo directo ficha oficial 2026-10-09,2026-10-09,TEXTO_RESPALDADO_EN_FUENTE_OFICIAL,municipio_segun_ficha_oficial,,NO COMPROBADO,NO COMPROBADO,"Acceso/operación, ubicación exacta y derechos de imágenes no comprobados."
ATTR-0131,Tlacotalpan,Museo Salvador Ferrando,museo; cultura,La ficha incluye el Museo Salvador Ferrando.,https://www.veracruz.mx/destino.php?Municipio=178,MONUMENTOS / ENLACES DE ATRACCIONES,nuevo; cotejo directo ficha oficial 2026-10-09,2026-10-09,TEXTO_RESPALDADO_EN_FUENTE_OFICIAL,municipio_segun_ficha_oficial,,NO COMPROBADO,NO COMPROBADO,"Acceso/operación, ubicación exacta y derechos de imágenes no comprobados."
ATTR-0132,Tlacotalpan,Paseos en lancha por el Papaloapan,naturaleza; río,La ficha incluye recorridos en lancha por el río Papaloapan.,https://www.veracruz.mx/destino.php?Municipio=178,MONUMENTOS / ENLACES DE ATRACCIONES,nuevo; cotejo directo ficha oficial 2026-10-09,2026-10-09,TEXTO_RESPALDADO_EN_FUENTE_OFICIAL,municipio_segun_ficha_oficial,,NO COMPROBADO,NO COMPROBADO,"Acceso/operación, ubicación exacta y derechos de imágenes no comprobados."
ATTR-0133,Tuxpan,Museo de la Amistad México-Cuba,museo; cultura,La ficha municipal menciona el Museo de la Amistad México-Cuba.,https://www.veracruz.mx/destino.php?Municipio=189,MONUMENTOS / MUSEOS / ENLACES DE ATRACCIONES,nuevo; cotejo directo ficha oficial 2026-10-09,2026-10-09,TEXTO_RESPALDADO_EN_FUENTE_OFICIAL,municipio_segun_ficha_oficial,,NO COMPROBADO,NO COMPROBADO,"Acceso/operación, ubicación exacta y derechos de imágenes no comprobados."
ATTR-0134,Tuxpan,Laguna de Tampamachoco,naturaleza; costa,La ficha incluye la Laguna de Tampamachoco.,https://www.veracruz.mx/destino.php?Municipio=189,MONUMENTOS / MUSEOS / ENLACES DE ATRACCIONES,nuevo; cotejo directo ficha oficial 2026-10-09,2026-10-09,TEXTO_RESPALDADO_EN_FUENTE_OFICIAL,municipio_segun_ficha_oficial,,NO COMPROBADO,NO COMPROBADO,"Acceso/operación, ubicación exacta y derechos de imágenes no comprobados."
ATTR-0135,Tuxpan,Río Tuxpan,naturaleza; aventura,La ficha presenta el río como espacio para actividades acuáticas.,https://www.veracruz.mx/destino.php?Municipio=189,MONUMENTOS / MUSEOS / ENLACES DE ATRACCIONES,nuevo; cotejo directo ficha oficial 2026-10-09,2026-10-09,TEXTO_RESPALDADO_EN_FUENTE_OFICIAL,municipio_segun_ficha_oficial,,NO COMPROBADO,NO COMPROBADO,"Acceso/operación, ubicación exacta y derechos de imágenes no comprobados."
ATTR-0136,Tuxpan,Catedral de Nuestra Señora de la Asunción,patrimonio,La ficha incluye la catedral como recurso.,https://www.veracruz.mx/destino.php?Municipio=189,MONUMENTOS / MUSEOS / ENLACES DE ATRACCIONES,nuevo; cotejo directo ficha oficial 2026-10-09,2026-10-09,TEXTO_RESPALDADO_EN_FUENTE_OFICIAL,municipio_segun_ficha_oficial,,NO COMPROBADO,NO COMPROBADO,"Acceso/operación, ubicación exacta y derechos de imágenes no comprobados."
ATTR-0137,Tuxpan,Isla Lobos,naturaleza; costa,La ficha incluye Isla Lobos en sus atracciones enlazadas.,https://www.veracruz.mx/destino.php?Municipio=189,MONUMENTOS / MUSEOS / ENLACES DE ATRACCIONES,nuevo; cotejo directo ficha oficial 2026-10-09,2026-10-09,TEXTO_RESPALDADO_EN_FUENTE_OFICIAL,municipio_segun_ficha_oficial,,NO COMPROBADO,NO COMPROBADO,"Acceso/operación, ubicación exacta y derechos de imágenes no comprobados."
ATTR-0138,Xalapa,Museo de Antropología de Xalapa,museo; arqueología,La ficha describe un museo con colecciones de culturas del estado.,https://www.veracruz.mx/destino.php?Municipio=87,MUSEOS / CENTROS TURÍSTICOS,nuevo; cotejo directo ficha oficial 2026-10-09,2026-10-09,TEXTO_RESPALDADO_EN_FUENTE_OFICIAL,municipio_segun_ficha_oficial,,NO COMPROBADO,NO COMPROBADO,"Acceso/operación, ubicación exacta y derechos de imágenes no comprobados."
ATTR-0139,Xalapa,Jardín Botánico,naturaleza,La ficha menciona un jardín botánico dedicado a flora y fauna.,https://www.veracruz.mx/destino.php?Municipio=87,MUSEOS / CENTROS TURÍSTICOS,nuevo; cotejo directo ficha oficial 2026-10-09,2026-10-09,TEXTO_RESPALDADO_EN_FUENTE_OFICIAL,municipio_segun_ficha_oficial,,NO COMPROBADO,NO COMPROBADO,"Acceso/operación, ubicación exacta y derechos de imágenes no comprobados."
ATTR-0140,Xalapa,Paseo de Los Lagos,naturaleza; urbano,La ficha identifica el paseo de lagos artificiales.,https://www.veracruz.mx/destino.php?Municipio=87,MUSEOS / CENTROS TURÍSTICOS,nuevo; cotejo directo ficha oficial 2026-10-09,2026-10-09,TEXTO_RESPALDADO_EN_FUENTE_OFICIAL,municipio_segun_ficha_oficial,,NO COMPROBADO,NO COMPROBADO,"Acceso/operación, ubicación exacta y derechos de imágenes no comprobados."
ATTR-0141,Xalapa,Parque Ecológico Macuiltépetl,naturaleza,La ficha menciona el Macuiltépetl como parque ecológico.,https://www.veracruz.mx/destino.php?Municipio=87,MUSEOS / CENTROS TURÍSTICOS,nuevo; cotejo directo ficha oficial 2026-10-09,2026-10-09,TEXTO_RESPALDADO_EN_FUENTE_OFICIAL,municipio_segun_ficha_oficial,,NO COMPROBADO,NO COMPROBADO,"Acceso/operación, ubicación exacta y derechos de imágenes no comprobados."
ATTR-0142,Xalapa,Jardín de las Esculturas,naturaleza; arte,La ficha describe un entorno de vegetación y esculturas.,https://www.veracruz.mx/destino.php?Municipio=87,MUSEOS / CENTROS TURÍSTICOS,nuevo; cotejo directo ficha oficial 2026-10-09,2026-10-09,TEXTO_RESPALDADO_EN_FUENTE_OFICIAL,municipio_segun_ficha_oficial,,NO COMPROBADO,NO COMPROBADO,"Acceso/operación, ubicación exacta y derechos de imágenes no comprobados."
ATTR-0143,Xalapa,Parque de los Tecajetes,naturaleza; urbano,La ficha presenta Tecajetes entre los parques de la ciudad.,https://www.veracruz.mx/destino.php?Municipio=87,MUSEOS / CENTROS TURÍSTICOS,nuevo; cotejo directo ficha oficial 2026-10-09,2026-10-09,TEXTO_RESPALDADO_EN_FUENTE_OFICIAL,municipio_segun_ficha_oficial,,NO COMPROBADO,NO COMPROBADO,"Acceso/operación, ubicación exacta y derechos de imágenes no comprobados."
ATTR-0144,San Andrés Tuxtla,Laguna Encantada,naturaleza,La ficha describe Laguna Encantada como atracción del municipio.,https://www.veracruz.mx/destino.php?Municipio=141,CENTROS TURÍSTICOS / ENLACES,nuevo; cotejo directo ficha oficial 2026-10-09,2026-10-09,TEXTO_RESPALDADO_EN_FUENTE_OFICIAL,municipio_segun_ficha_oficial,,NO COMPROBADO,NO COMPROBADO,"Acceso/operación, ubicación exacta y derechos de imágenes no comprobados."
ATTR-0145,San Andrés Tuxtla,Roca Partida,naturaleza; costa,La ficha enumera acantilados y zona de Roca Partida.,https://www.veracruz.mx/destino.php?Municipio=141,CENTROS TURÍSTICOS / ENLACES,nuevo; cotejo directo ficha oficial 2026-10-09,2026-10-09,TEXTO_RESPALDADO_EN_FUENTE_OFICIAL,municipio_segun_ficha_oficial,,NO COMPROBADO,NO COMPROBADO,"Acceso/operación, ubicación exacta y derechos de imágenes no comprobados."
ATTR-0146,San Andrés Tuxtla,Playa Arroyo de Lisa,playa; costa,La ficha enumera Arroyo de Lisa entre las playas municipales.,https://www.veracruz.mx/destino.php?Municipio=141,CENTROS TURÍSTICOS / ENLACES,nuevo; cotejo directo ficha oficial 2026-10-09,2026-10-09,TEXTO_RESPALDADO_EN_FUENTE_OFICIAL,municipio_segun_ficha_oficial,,NO COMPROBADO,NO COMPROBADO,"Acceso/operación, ubicación exacta y derechos de imágenes no comprobados."
ATTR-0147,San Andrés Tuxtla,Museo Regional de San Andrés Tuxtla,museo; cultura,La ficha incluye el Museo Regional.,https://www.veracruz.mx/destino.php?Municipio=141,CENTROS TURÍSTICOS / ENLACES,nuevo; cotejo directo ficha oficial 2026-10-09,2026-10-09,TEXTO_RESPALDADO_EN_FUENTE_OFICIAL,municipio_segun_ficha_oficial,,NO COMPROBADO,NO COMPROBADO,"Acceso/operación, ubicación exacta y derechos de imágenes no comprobados."
ATTR-0148,San Andrés Tuxtla,Festival del Globo de Papel,evento; cultura,La ficha menciona festival dedicado a globos de papel.,https://www.veracruz.mx/destino.php?Municipio=141,CENTROS TURÍSTICOS / ENLACES,nuevo; cotejo directo ficha oficial 2026-10-09,2026-10-09,TEXTO_RESPALDADO_EN_FUENTE_OFICIAL,municipio_segun_ficha_oficial,,NO COMPROBADO,NO COMPROBADO,"Acceso/operación, ubicación exacta y derechos de imágenes no comprobados."
ATTR-0149,Perote,Parque Nacional Cofre de Perote,naturaleza,La ficha describe el parque nacional y sus paisajes de alta montaña.,https://www.veracruz.mx/destino.php?Municipio=128,CENTROS TURÍSTICOS / ENLACES,nuevo; cotejo directo ficha oficial 2026-10-09,2026-10-09,TEXTO_RESPALDADO_EN_FUENTE_OFICIAL,municipio_segun_ficha_oficial,,NO COMPROBADO,NO COMPROBADO,"Acceso/operación, ubicación exacta y derechos de imágenes no comprobados."
ATTR-0150,Perote,Ruinas prehispánicas de Pueblo Viejo,arqueología,La ficha enumera las ruinas de Pueblo Viejo.,https://www.veracruz.mx/destino.php?Municipio=128,CENTROS TURÍSTICOS / ENLACES,nuevo; cotejo directo ficha oficial 2026-10-09,2026-10-09,TEXTO_RESPALDADO_EN_FUENTE_OFICIAL,municipio_segun_ficha_oficial,,NO COMPROBADO,NO COMPROBADO,"Acceso/operación, ubicación exacta y derechos de imágenes no comprobados."
ATTR-0151,Perote,Parroquia de San Miguel Arcángel,patrimonio,La ficha describe la ornamentación del templo de San Miguel.,https://www.veracruz.mx/destino.php?Municipio=128,CENTROS TURÍSTICOS / ENLACES,nuevo; cotejo directo ficha oficial 2026-10-09,2026-10-09,TEXTO_RESPALDADO_EN_FUENTE_OFICIAL,municipio_segun_ficha_oficial,,NO COMPROBADO,NO COMPROBADO,"Acceso/operación, ubicación exacta y derechos de imágenes no comprobados."
ATTR-0152,Perote,Ex Hacienda de Totalco,patrimonio,La ficha incluye la antigua hacienda de Totalco entre sus recursos.,https://www.veracruz.mx/destino.php?Municipio=128,CENTROS TURÍSTICOS / ENLACES,nuevo; cotejo directo ficha oficial 2026-10-09,2026-10-09,TEXTO_RESPALDADO_EN_FUENTE_OFICIAL,municipio_segun_ficha_oficial,,NO COMPROBADO,NO COMPROBADO,"Acceso/operación, ubicación exacta y derechos de imágenes no comprobados."
ATTR-0153,Perote,Centro Ecoturístico El Conejo,naturaleza,La ficha incluye el Centro Ecoturístico El Conejo.,https://www.veracruz.mx/destino.php?Municipio=128,CENTROS TURÍSTICOS / ENLACES,nuevo; cotejo directo ficha oficial 2026-10-09,2026-10-09,TEXTO_RESPALDADO_EN_FUENTE_OFICIAL,municipio_segun_ficha_oficial,,NO COMPROBADO,NO COMPROBADO,"Acceso/operación, ubicación exacta y derechos de imágenes no comprobados."
ATTR-0154,Naolinco,Cascada El Órgano,naturaleza,La ficha describe una cascada llamada El Órgano y su mirador.,https://www.veracruz.mx/destino.php?Municipio=112,CENTROS TURÍSTICOS,nuevo; cotejo directo ficha oficial 2026-10-09,2026-10-09,TEXTO_RESPALDADO_EN_FUENTE_OFICIAL,municipio_segun_ficha_oficial,,NO COMPROBADO,NO COMPROBADO,"Acceso/operación, ubicación exacta y derechos de imágenes no comprobados."
ATTR-0155,Naolinco,Alfarería de San Miguel Aguasuelos,artesanías; cultura,La ficha sugiere visitar Aguasuelos por su cerámica artesanal.,https://www.veracruz.mx/destino.php?Municipio=112,CENTROS TURÍSTICOS,nuevo; cotejo directo ficha oficial 2026-10-09,2026-10-09,TEXTO_RESPALDADO_EN_FUENTE_OFICIAL,municipio_segun_ficha_oficial,,NO COMPROBADO,NO COMPROBADO,"Acceso/operación, ubicación exacta y derechos de imágenes no comprobados."
ATTR-0156,Naolinco,Gastronomía tradicional de Naolinco,gastronomía,"La ficha menciona el mole, dulces y embutidos locales.",https://www.veracruz.mx/destino.php?Municipio=112,CENTROS TURÍSTICOS,nuevo; cotejo directo ficha oficial 2026-10-09,2026-10-09,TEXTO_RESPALDADO_EN_FUENTE_OFICIAL,municipio_segun_ficha_oficial,,NO COMPROBADO,NO COMPROBADO,"Acceso/operación, ubicación exacta y derechos de imágenes no comprobados."
ATTR-0157,La Antigua,Ermita del Rosario,patrimonio,La ficha describe la Ermita del Rosario como inmueble histórico.,https://www.veracruz.mx/destino.php?Municipio=16,MONUMENTOS HISTÓRICOS / CENTROS TURÍSTICOS,nuevo; cotejo directo ficha oficial 2026-10-09,2026-10-09,TEXTO_RESPALDADO_EN_FUENTE_OFICIAL,municipio_segun_ficha_oficial,,NO COMPROBADO,NO COMPROBADO,"Acceso/operación, ubicación exacta y derechos de imágenes no comprobados."
ATTR-0158,La Antigua,Playa de Chalchihuecan,playa; naturaleza,La ficha describe la playa de Chalchihuecan.,https://www.veracruz.mx/destino.php?Municipio=16,MONUMENTOS HISTÓRICOS / CENTROS TURÍSTICOS,nuevo; cotejo directo ficha oficial 2026-10-09,2026-10-09,TEXTO_RESPALDADO_EN_FUENTE_OFICIAL,municipio_segun_ficha_oficial,,NO COMPROBADO,NO COMPROBADO,"Acceso/operación, ubicación exacta y derechos de imágenes no comprobados."
ATTR-0159,La Antigua,Casa de Hernán Cortés,patrimonio,La ficha enumera las ruinas vinculadas históricamente a Cortés.,https://www.veracruz.mx/destino.php?Municipio=16,MONUMENTOS HISTÓRICOS / CENTROS TURÍSTICOS,nuevo; cotejo directo ficha oficial 2026-10-09,2026-10-09,TEXTO_RESPALDADO_EN_FUENTE_OFICIAL,municipio_segun_ficha_oficial,,NO COMPROBADO,NO COMPROBADO,"Acceso/operación, ubicación exacta y derechos de imágenes no comprobados."
ATTR-0160,La Antigua,Árbol La Ceiba,patrimonio; naturaleza,La ficha menciona el árbol histórico La Ceiba.,https://www.veracruz.mx/destino.php?Municipio=16,MONUMENTOS HISTÓRICOS / CENTROS TURÍSTICOS,nuevo; cotejo directo ficha oficial 2026-10-09,2026-10-09,TEXTO_RESPALDADO_EN_FUENTE_OFICIAL,municipio_segun_ficha_oficial,,NO COMPROBADO,NO COMPROBADO,"Acceso/operación, ubicación exacta y derechos de imágenes no comprobados."
ATTR-0161,Córdoba,Parque 21 de Mayo,patrimonio; urbano,La ficha enumera la plaza de armas en Parque 21 de Mayo.,https://www.veracruz.mx/destino.php?Municipio=44,CENTROS TURÍSTICOS,nuevo; cotejo directo ficha oficial 2026-10-09,2026-10-09,TEXTO_RESPALDADO_EN_FUENTE_OFICIAL,municipio_segun_ficha_oficial,,NO COMPROBADO,NO COMPROBADO,"Acceso/operación, ubicación exacta y derechos de imágenes no comprobados."
ATTR-0162,Córdoba,Casa de los Condes de Ceballos,patrimonio,La ficha identifica la casa histórica donde se firmaron los Tratados de Córdoba.,https://www.veracruz.mx/destino.php?Municipio=44,CENTROS TURÍSTICOS,nuevo; cotejo directo ficha oficial 2026-10-09,2026-10-09,TEXTO_RESPALDADO_EN_FUENTE_OFICIAL,municipio_segun_ficha_oficial,,NO COMPROBADO,NO COMPROBADO,"Acceso/operación, ubicación exacta y derechos de imágenes no comprobados."
ATTR-0163,Córdoba,Parque Ecológico Paso Coyol,naturaleza,La ficha menciona Paso Coyol como parque ecológico.,https://www.veracruz.mx/destino.php?Municipio=44,CENTROS TURÍSTICOS,nuevo; cotejo directo ficha oficial 2026-10-09,2026-10-09,TEXTO_RESPALDADO_EN_FUENTE_OFICIAL,municipio_segun_ficha_oficial,,NO COMPROBADO,NO COMPROBADO,"Acceso/operación, ubicación exacta y derechos de imágenes no comprobados."
ATTR-0164,Córdoba,Alameda Rafael Murillo Vidal,naturaleza; urbano,La ficha enumera la Alameda como parque ecológico.,https://www.veracruz.mx/destino.php?Municipio=44,CENTROS TURÍSTICOS,nuevo; cotejo directo ficha oficial 2026-10-09,2026-10-09,TEXTO_RESPALDADO_EN_FUENTE_OFICIAL,municipio_segun_ficha_oficial,,NO COMPROBADO,NO COMPROBADO,"Acceso/operación, ubicación exacta y derechos de imágenes no comprobados."
ATTR-0165,Coscomatepec,Parque Nacional en el entorno del Pico de Orizaba,naturaleza,La ficha presenta un parque nacional al norte del Pico de Orizaba.,https://www.veracruz.mx/destino.php?Municipio=47,MONUMENTOS HISTÓRICOS / CENTROS TURÍSTICOS,nuevo; cotejo directo ficha oficial 2026-10-09,2026-10-09,TEXTO_RESPALDADO_EN_FUENTE_OFICIAL,municipio_segun_ficha_oficial,,NO COMPROBADO,NO COMPROBADO,"Acceso/operación, ubicación exacta y derechos de imágenes no comprobados."
ATTR-0166,Coscomatepec,Capilla de San Diego,patrimonio,La ficha incluye la capilla histórica de San Diego.,https://www.veracruz.mx/destino.php?Municipio=47,MONUMENTOS HISTÓRICOS / CENTROS TURÍSTICOS,nuevo; cotejo directo ficha oficial 2026-10-09,2026-10-09,TEXTO_RESPALDADO_EN_FUENTE_OFICIAL,municipio_segun_ficha_oficial,,NO COMPROBADO,NO COMPROBADO,"Acceso/operación, ubicación exacta y derechos de imágenes no comprobados."
ATTR-0167,Coscomatepec,Gastronomía de tlatonile y moles,gastronomía,La ficha menciona tlatonile y moles como platillos típicos.,https://www.veracruz.mx/destino.php?Municipio=47,MONUMENTOS HISTÓRICOS / CENTROS TURÍSTICOS,nuevo; cotejo directo ficha oficial 2026-10-09,2026-10-09,TEXTO_RESPALDADO_EN_FUENTE_OFICIAL,municipio_segun_ficha_oficial,,NO COMPROBADO,NO COMPROBADO,"Acceso/operación, ubicación exacta y derechos de imágenes no comprobados."
ATTR-0168,Zongolica,Puente natural El Boquerón,naturaleza,La ficha describe el puente natural El Boquerón.,https://www.veracruz.mx/destino.php?Municipio=201,CENTROS TURÍSTICOS,nuevo; cotejo directo ficha oficial 2026-10-09,2026-10-09,TEXTO_RESPALDADO_EN_FUENTE_OFICIAL,municipio_segun_ficha_oficial,,NO COMPROBADO,NO COMPROBADO,"Acceso/operación, ubicación exacta y derechos de imágenes no comprobados."
ATTR-0169,Zongolica,Sótano de Popocatl,naturaleza; aventura,La ficha menciona un sitio denominado Popocalt asociado con una cascada subterránea.,https://www.veracruz.mx/destino.php?Municipio=201,CENTROS TURÍSTICOS,nuevo; cotejo directo ficha oficial 2026-10-09,2026-10-09,TEXTO_RESPALDADO_EN_FUENTE_OFICIAL,municipio_segun_ficha_oficial,,NO COMPROBADO,NO COMPROBADO,"Acceso/operación, ubicación exacta y derechos de imágenes no comprobados."
ATTR-0170,Zongolica,Textiles tradicionales de Zongolica,artesanías; cultura,La ficha menciona tejidos de lana y otras artesanías regionales.,https://www.veracruz.mx/destino.php?Municipio=201,CENTROS TURÍSTICOS,nuevo; cotejo directo ficha oficial 2026-10-09,2026-10-09,TEXTO_RESPALDADO_EN_FUENTE_OFICIAL,municipio_segun_ficha_oficial,,NO COMPROBADO,NO COMPROBADO,"Acceso/operación, ubicación exacta y derechos de imágenes no comprobados."
ATTR-0171,Alvarado,Iglesia de San Cristóbal,patrimonio,La ficha enumera la iglesia histórica de San Cristóbal.,https://www.veracruz.mx/destino.php?Municipio=11,MONUMENTOS HISTÓRICOS / CENTROS TURÍSTICOS,nuevo; cotejo directo ficha oficial 2026-10-09,2026-10-09,TEXTO_RESPALDADO_EN_FUENTE_OFICIAL,municipio_segun_ficha_oficial,,NO COMPROBADO,NO COMPROBADO,"Acceso/operación, ubicación exacta y derechos de imágenes no comprobados."
ATTR-0172,Alvarado,Laguna de Alvarado,naturaleza; costa,La ficha describe navegación en la laguna y vegetación de manglar.,https://www.veracruz.mx/destino.php?Municipio=11,MONUMENTOS HISTÓRICOS / CENTROS TURÍSTICOS,nuevo; cotejo directo ficha oficial 2026-10-09,2026-10-09,TEXTO_RESPALDADO_EN_FUENTE_OFICIAL,municipio_segun_ficha_oficial,,NO COMPROBADO,NO COMPROBADO,"Acceso/operación, ubicación exacta y derechos de imágenes no comprobados."
ATTR-0173,Alvarado,Casa de Cultura Narciso Serradel Sevilla,cultura,La ficha identifica la Casa de Cultura Narciso Serradel Sevilla.,https://www.veracruz.mx/destino.php?Municipio=11,MONUMENTOS HISTÓRICOS / CENTROS TURÍSTICOS,nuevo; cotejo directo ficha oficial 2026-10-09,2026-10-09,TEXTO_RESPALDADO_EN_FUENTE_OFICIAL,municipio_segun_ficha_oficial,,NO COMPROBADO,NO COMPROBADO,"Acceso/operación, ubicación exacta y derechos de imágenes no comprobados."
ATTR-0174,Alvarado,Arroz a la tumbada,gastronomía,La ficha presenta arroz a la tumbada como platillo local.,https://www.veracruz.mx/destino.php?Municipio=11,MONUMENTOS HISTÓRICOS / CENTROS TURÍSTICOS,nuevo; cotejo directo ficha oficial 2026-10-09,2026-10-09,TEXTO_RESPALDADO_EN_FUENTE_OFICIAL,municipio_segun_ficha_oficial,,NO COMPROBADO,NO COMPROBADO,"Acceso/operación, ubicación exacta y derechos de imágenes no comprobados."
ATTR-0175,Boca del Río,Parroquia de Santa Ana,patrimonio,La ficha describe la parroquia histórica de Santa Ana.,https://www.veracruz.mx/destino.php?Municipio=28,MONUMENTOS / MUSEOS / ATRACCIONES ENLAZADAS,nuevo; cotejo directo ficha oficial 2026-10-09,2026-10-09,TEXTO_RESPALDADO_EN_FUENTE_OFICIAL,municipio_segun_ficha_oficial,,NO COMPROBADO,NO COMPROBADO,"Acceso/operación, ubicación exacta y derechos de imágenes no comprobados."
ATTR-0176,Boca del Río,World Trade Center Veracruz,urbano,La ficha incluye el centro de convenciones WTC en sus recursos.,https://www.veracruz.mx/destino.php?Municipio=28,MONUMENTOS / MUSEOS / ATRACCIONES ENLAZADAS,nuevo; cotejo directo ficha oficial 2026-10-09,2026-10-09,TEXTO_RESPALDADO_EN_FUENTE_OFICIAL,municipio_segun_ficha_oficial,,NO COMPROBADO,NO COMPROBADO,"Acceso/operación, ubicación exacta y derechos de imágenes no comprobados."
ATTR-0177,Boca del Río,Museo Buque Cañonero C-07 Guanajuato,museo; cultura,La ficha incluye el museo buque cañonero en su listado de recursos.,https://www.veracruz.mx/destino.php?Municipio=28,MONUMENTOS / MUSEOS / ATRACCIONES ENLAZADAS,nuevo; cotejo directo ficha oficial 2026-10-09,2026-10-09,TEXTO_RESPALDADO_EN_FUENTE_OFICIAL,municipio_segun_ficha_oficial,,NO COMPROBADO,NO COMPROBADO,"Acceso/operación, ubicación exacta y derechos de imágenes no comprobados."
ATTR-0178,Boca del Río,Foro Boca,cultura; urbano,La ficha incluye Foro Boca entre sus atractivos.,https://www.veracruz.mx/destino.php?Municipio=28,MONUMENTOS / MUSEOS / ATRACCIONES ENLAZADAS,nuevo; cotejo directo ficha oficial 2026-10-09,2026-10-09,TEXTO_RESPALDADO_EN_FUENTE_OFICIAL,municipio_segun_ficha_oficial,,NO COMPROBADO,NO COMPROBADO,"Acceso/operación, ubicación exacta y derechos de imágenes no comprobados."
ATTR-0179,Cazones de Herrera,Playa Boquitas,playa; costa,La ficha menciona playa Boquitas.,https://www.veracruz.mx/destino.php?Municipio=33,CENTROS TURÍSTICOS,nuevo; cotejo directo ficha oficial 2026-10-09,2026-10-09,TEXTO_RESPALDADO_EN_FUENTE_OFICIAL,municipio_segun_ficha_oficial,,NO COMPROBADO,NO COMPROBADO,"Acceso/operación, ubicación exacta y derechos de imágenes no comprobados."
ATTR-0180,Cazones de Herrera,Playa Sur,playa; costa,La ficha enumera Playa Sur.,https://www.veracruz.mx/destino.php?Municipio=33,CENTROS TURÍSTICOS,nuevo; cotejo directo ficha oficial 2026-10-09,2026-10-09,TEXTO_RESPALDADO_EN_FUENTE_OFICIAL,municipio_segun_ficha_oficial,,NO COMPROBADO,NO COMPROBADO,"Acceso/operación, ubicación exacta y derechos de imágenes no comprobados."
ATTR-0181,Cazones de Herrera,Paseos en lancha por manglares de Cazones,naturaleza; río,La ficha describe paseos por manglares desde la ribera.,https://www.veracruz.mx/destino.php?Municipio=33,CENTROS TURÍSTICOS,nuevo; cotejo directo ficha oficial 2026-10-09,2026-10-09,TEXTO_RESPALDADO_EN_FUENTE_OFICIAL,municipio_segun_ficha_oficial,,NO COMPROBADO,NO COMPROBADO,"Acceso/operación, ubicación exacta y derechos de imágenes no comprobados."
ATTR-0182,Coatzacoalcos,Las Barrillas,naturaleza; aventura,La ficha enumera Las Barrillas como lugar para pesca y natación.,https://www.veracruz.mx/destino.php?Municipio=39,CENTROS TURÍSTICOS / ENLACES,nuevo; cotejo directo ficha oficial 2026-10-09,2026-10-09,TEXTO_RESPALDADO_EN_FUENTE_OFICIAL,municipio_segun_ficha_oficial,,NO COMPROBADO,NO COMPROBADO,"Acceso/operación, ubicación exacta y derechos de imágenes no comprobados."
ATTR-0183,Coatzacoalcos,Río Coatzacoalcos,naturaleza; río,La ficha describe oportunidades de actividades acuáticas en el río.,https://www.veracruz.mx/destino.php?Municipio=39,CENTROS TURÍSTICOS / ENLACES,nuevo; cotejo directo ficha oficial 2026-10-09,2026-10-09,TEXTO_RESPALDADO_EN_FUENTE_OFICIAL,municipio_segun_ficha_oficial,,NO COMPROBADO,NO COMPROBADO,"Acceso/operación, ubicación exacta y derechos de imágenes no comprobados."
ATTR-0184,Coatzacoalcos,Paseo de las Escolleras,urbano; costa,La ficha incluye el paseo de las escolleras entre sus recursos.,https://www.veracruz.mx/destino.php?Municipio=39,CENTROS TURÍSTICOS / ENLACES,nuevo; cotejo directo ficha oficial 2026-10-09,2026-10-09,TEXTO_RESPALDADO_EN_FUENTE_OFICIAL,municipio_segun_ficha_oficial,,NO COMPROBADO,NO COMPROBADO,"Acceso/operación, ubicación exacta y derechos de imágenes no comprobados."
ATTR-0185,Tamiahua,Barra de Corazones,playa; naturaleza,La ficha describe Barra de Corazones como playa de arena fina.,https://www.veracruz.mx/destino.php?Municipio=151,CENTROS TURÍSTICOS / MONUMENTOS,nuevo; cotejo directo ficha oficial 2026-10-09,2026-10-09,TEXTO_RESPALDADO_EN_FUENTE_OFICIAL,municipio_segun_ficha_oficial,,NO COMPROBADO,NO COMPROBADO,"Acceso/operación, ubicación exacta y derechos de imágenes no comprobados."
ATTR-0186,Tamiahua,Ruinas de la Hacienda de San Sebastián,patrimonio,La ficha enumera las ruinas históricas de la hacienda.,https://www.veracruz.mx/destino.php?Municipio=151,CENTROS TURÍSTICOS / MONUMENTOS,nuevo; cotejo directo ficha oficial 2026-10-09,2026-10-09,TEXTO_RESPALDADO_EN_FUENTE_OFICIAL,municipio_segun_ficha_oficial,,NO COMPROBADO,NO COMPROBADO,"Acceso/operación, ubicación exacta y derechos de imágenes no comprobados."
ATTR-0187,Tamiahua,Isla del Ídolo,naturaleza,La ficha enumera la isla dentro de los recorridos por la laguna.,https://www.veracruz.mx/destino.php?Municipio=151,CENTROS TURÍSTICOS / MONUMENTOS,nuevo; cotejo directo ficha oficial 2026-10-09,2026-10-09,TEXTO_RESPALDADO_EN_FUENTE_OFICIAL,municipio_segun_ficha_oficial,,NO COMPROBADO,NO COMPROBADO,"Acceso/operación, ubicación exacta y derechos de imágenes no comprobados."
ATTR-0188,Tecolutla,Las Ciénegas del Fuerte,naturaleza,La ficha incluye Las Ciénegas del Fuerte entre sus recursos.,https://www.veracruz.mx/destino.php?Municipio=158,CENTROS TURÍSTICOS / MUSEOS / ENLACES,nuevo; cotejo directo ficha oficial 2026-10-09,2026-10-09,TEXTO_RESPALDADO_EN_FUENTE_OFICIAL,municipio_segun_ficha_oficial,,NO COMPROBADO,NO COMPROBADO,"Acceso/operación, ubicación exacta y derechos de imágenes no comprobados."
ATTR-0189,Tecolutla,Museo Marino,museo; cultura,La ficha describe un museo con materiales marinos y fluviales.,https://www.veracruz.mx/destino.php?Municipio=158,CENTROS TURÍSTICOS / MUSEOS / ENLACES,nuevo; cotejo directo ficha oficial 2026-10-09,2026-10-09,TEXTO_RESPALDADO_EN_FUENTE_OFICIAL,municipio_segun_ficha_oficial,,NO COMPROBADO,NO COMPROBADO,"Acceso/operación, ubicación exacta y derechos de imágenes no comprobados."
ATTR-0190,Tecolutla,Parque Miguel Hidalgo,urbano; cultura,La ficha incluye Parque Miguel Hidalgo como recurso local.,https://www.veracruz.mx/destino.php?Municipio=158,CENTROS TURÍSTICOS / MUSEOS / ENLACES,nuevo; cotejo directo ficha oficial 2026-10-09,2026-10-09,TEXTO_RESPALDADO_EN_FUENTE_OFICIAL,municipio_segun_ficha_oficial,,NO COMPROBADO,NO COMPROBADO,"Acceso/operación, ubicación exacta y derechos de imágenes no comprobados."
ATTR-0191,Vega de Alatorre,Museo de Las Higueras,museo; arqueología,La ficha menciona el museo de Las Higueras.,https://www.veracruz.mx/destino.php?Municipio=192,MONUMENTOS / MUSEOS / CENTROS TURÍSTICOS,nuevo; cotejo directo ficha oficial 2026-10-09,2026-10-09,TEXTO_RESPALDADO_EN_FUENTE_OFICIAL,municipio_segun_ficha_oficial,,NO COMPROBADO,NO COMPROBADO,"Acceso/operación, ubicación exacta y derechos de imágenes no comprobados."
ATTR-0192,Vega de Alatorre,Playa Navarro,playa; costa,La ficha incluye Playa Navarro en la costa del municipio.,https://www.veracruz.mx/destino.php?Municipio=192,MONUMENTOS / MUSEOS / CENTROS TURÍSTICOS,nuevo; cotejo directo ficha oficial 2026-10-09,2026-10-09,TEXTO_RESPALDADO_EN_FUENTE_OFICIAL,municipio_segun_ficha_oficial,,NO COMPROBADO,NO COMPROBADO,"Acceso/operación, ubicación exacta y derechos de imágenes no comprobados."
ATTR-0193,Vega de Alatorre,Reserva ecológica Santa Gertrudis,naturaleza,La ficha incluye una reserva ecológica en Santa Gertrudis.,https://www.veracruz.mx/destino.php?Municipio=192,MONUMENTOS / MUSEOS / CENTROS TURÍSTICOS,nuevo; cotejo directo ficha oficial 2026-10-09,2026-10-09,TEXTO_RESPALDADO_EN_FUENTE_OFICIAL,municipio_segun_ficha_oficial,,NO COMPROBADO,NO COMPROBADO,"Acceso/operación, ubicación exacta y derechos de imágenes no comprobados."
ATTR-0194,Vega de Alatorre,Playa Lechuguillas,playa; costa,La ficha enumera Lechuguillas entre las playas.,https://www.veracruz.mx/destino.php?Municipio=192,MONUMENTOS / MUSEOS / CENTROS TURÍSTICOS,nuevo; cotejo directo ficha oficial 2026-10-09,2026-10-09,TEXTO_RESPALDADO_EN_FUENTE_OFICIAL,municipio_segun_ficha_oficial,,NO COMPROBADO,NO COMPROBADO,"Acceso/operación, ubicación exacta y derechos de imágenes no comprobados."
ATTR-0195,Atzalan,Torre Solitaria de Atzalan,patrimonio,La ficha municipal incluye la Torre Solitaria entre los recursos publicados.,https://www.veracruz.mx/destino.php?Municipio=23,MONUMENTOS / ENLACES,nuevo; cotejo directo ficha oficial 2026-10-09,2026-10-09,TEXTO_RESPALDADO_EN_FUENTE_OFICIAL,municipio_segun_ficha_oficial,,NO COMPROBADO,NO COMPROBADO,"Acceso/operación, ubicación exacta y derechos de imágenes no comprobados."
ATTR-0196,Atzalan,Templo histórico de Atzalan,patrimonio,La ficha describe un templo y su historia durante el periodo colonial.,https://www.veracruz.mx/destino.php?Municipio=23,MONUMENTOS / ENLACES,nuevo; cotejo directo ficha oficial 2026-10-09,2026-10-09,TEXTO_RESPALDADO_EN_FUENTE_OFICIAL,municipio_segun_ficha_oficial,,NO COMPROBADO,NO COMPROBADO,"Acceso/operación, ubicación exacta y derechos de imágenes no comprobados."
ATTR-0197,Castillo de Teayo,Pirámide de Castillo de Teayo,arqueología,La ficha describe la pirámide en la plaza principal del poblado.,https://www.veracruz.mx/destino.php?Municipio=157,MONUMENTOS / MUSEOS,nuevo; cotejo directo ficha oficial 2026-10-09,2026-10-09,TEXTO_RESPALDADO_EN_FUENTE_OFICIAL,municipio_segun_ficha_oficial,,NO COMPROBADO,NO COMPROBADO,"Acceso/operación, ubicación exacta y derechos de imágenes no comprobados."
ATTR-0198,Castillo de Teayo,Museo de Castillo de Teayo,museo; arqueología,La ficha registra un museo con piezas arqueológicas del sitio.,https://www.veracruz.mx/destino.php?Municipio=157,MONUMENTOS / MUSEOS,nuevo; cotejo directo ficha oficial 2026-10-09,2026-10-09,TEXTO_RESPALDADO_EN_FUENTE_OFICIAL,municipio_segun_ficha_oficial,,NO COMPROBADO,NO COMPROBADO,"Acceso/operación, ubicación exacta y derechos de imágenes no comprobados."
ATTR-0199,Fortín,Puente histórico de San Miguel,patrimonio,La ficha describe el puente colonial de San Miguel sobre la barranca del Metlac.,https://www.veracruz.mx/destino.php?Municipio=68,CENTROS TURÍSTICOS / ENLACES,nuevo; cotejo directo ficha oficial 2026-10-09,2026-10-09,TEXTO_RESPALDADO_EN_FUENTE_OFICIAL,municipio_segun_ficha_oficial,,NO COMPROBADO,NO COMPROBADO,"Acceso/operación, ubicación exacta y derechos de imágenes no comprobados."
ATTR-0200,Fortín,Invernaderos y floricultura de Fortín,naturaleza; cultura,La ficha cita invernaderos y producción ornamental como atractivo local.,https://www.veracruz.mx/destino.php?Municipio=68,CENTROS TURÍSTICOS / ENLACES,nuevo; cotejo directo ficha oficial 2026-10-09,2026-10-09,TEXTO_RESPALDADO_EN_FUENTE_OFICIAL,municipio_segun_ficha_oficial,,NO COMPROBADO,NO COMPROBADO,"Acceso/operación, ubicación exacta y derechos de imágenes no comprobados."
ATTR-0201,Fortín,Museo del Bonsái Tatsu Goro,museo; naturaleza,La ficha oficial incluye el Museo del Bonsái Tatsu Goro entre sus recursos.,https://www.veracruz.mx/destino.php?Municipio=68,CENTROS TURÍSTICOS / ENLACES,nuevo; cotejo directo ficha oficial 2026-10-09,2026-10-09,TEXTO_RESPALDADO_EN_FUENTE_OFICIAL,municipio_segun_ficha_oficial,,NO COMPROBADO,NO COMPROBADO,"Acceso/operación, ubicación exacta y derechos de imágenes no comprobados."
ATTR-0202,Jesús Carranza,Zona arqueológica de Las Limas,arqueología,La ficha describe vestigios arqueológicos en la congregación de Las Limas.,https://www.veracruz.mx/destino.php?Municipio=91,MONUMENTOS / CULTURA,nuevo; cotejo directo ficha oficial 2026-10-09,2026-10-09,TEXTO_RESPALDADO_EN_FUENTE_OFICIAL,municipio_segun_ficha_oficial,,NO COMPROBADO,NO COMPROBADO,"Acceso/operación, ubicación exacta y derechos de imágenes no comprobados."
ATTR-0203,Jesús Carranza,Feria de Santa Lucrecia,evento; cultura,La ficha describe una feria dedicada a Santa Lucrecia.,https://www.veracruz.mx/destino.php?Municipio=91,MONUMENTOS / CULTURA,nuevo; cotejo directo ficha oficial 2026-10-09,2026-10-09,TEXTO_RESPALDADO_EN_FUENTE_OFICIAL,municipio_segun_ficha_oficial,,NO COMPROBADO,NO COMPROBADO,"Acceso/operación, ubicación exacta y derechos de imágenes no comprobados."
