destino,registros_total,registros_revisados_directamente,registros_heredados_pendientes,fuente_municipal_referencia,observacion
Acajete,4,3,1,https://www.veracruz.mx/destino.php?Municipio=1,Revisar alcance geografico y duplicados antes de publicar
Actopan,1,0,1,https://www.veracruz.mx/destino.php?Municipio=4,Priorizar verificacion de entradas heredadas
Alvarado,7,4,3,https://www.veracruz.mx/destino.php?Municipio=11,Revisar alcance geografico y duplicados antes de publicar
Atzalan,5,2,3,https://www.veracruz.mx/destino.php?Municipio=23,Revisar alcance geografico y duplicados antes de publicar
Boca del Río,7,4,3,https://www.veracruz.mx/destino.php?Municipio=28,Revisar alcance geografico y duplicados antes de publicar
Calcahualco,1,0,1,https://www.veracruz.mx/destino.php?Municipio=29,Priorizar verificacion de entradas heredadas
Carrillo Puerto,1,0,1,https://www.veracruz.mx/destino.php?Municipio=31,Priorizar verificacion de entradas heredadas
Castillo de Teayo,4,2,2,https://www.veracruz.mx/destino.php?Municipio=157,Revisar alcance geografico y duplicados antes de publicar
Catemaco,8,7,1,https://www.veracruz.mx/destino.php?Municipio=32,Revisar alcance geografico y duplicados antes de publicar
Cazones de Herrera,6,3,3,https://www.veracruz.mx/destino.php?Municipio=33,Revisar alcance geografico y duplicados antes de publicar
Chinameca,2,0,2,https://www.veracruz.mx/destino.php?Municipio=59,Priorizar verificacion de entradas heredadas
Coatepec,7,6,1,https://www.veracruz.mx/destino.php?Municipio=38,Revisar alcance geografico y duplicados antes de publicar
Coatzacoalcos,4,3,1,https://www.veracruz.mx/destino.php?Municipio=39,Revisar alcance geografico y duplicados antes de publicar
Coscomatepec,6,3,3,https://www.veracruz.mx/destino.php?Municipio=47,Revisar alcance geografico y duplicados antes de publicar
Cuitláhuac,1,0,1,https://www.veracruz.mx/destino.php?Municipio=53,Priorizar verificacion de entradas heredadas
Córdoba,7,4,3,https://www.veracruz.mx/destino.php?Municipio=44,Revisar alcance geografico y duplicados antes de publicar
Emiliano Zapata,2,0,2,https://www.veracruz.mx/destino.php?Municipio=65,Priorizar verificacion de entradas heredadas
Fortín,5,3,2,https://www.veracruz.mx/destino.php?Municipio=68,Revisar alcance geografico y duplicados antes de publicar
Huatusco,2,0,2,https://www.veracruz.mx/destino.php?Municipio=71,Priorizar verificacion de entradas heredadas
Jalcomulco,1,0,1,https://www.veracruz.mx/destino.php?Municipio=88,Priorizar verificacion de entradas heredadas
Jesús Carranza,4,2,2,https://www.veracruz.mx/destino.php?Municipio=91,Revisar alcance geografico y duplicados antes de publicar
Jilotepec,2,0,2,https://www.veracruz.mx/destino.php?Municipio=93,Priorizar verificacion de entradas heredadas
Jáltipan,2,0,2,https://www.veracruz.mx/destino.php?Municipio=89,Priorizar verificacion de entradas heredadas
La Antigua,5,4,1,https://www.veracruz.mx/destino.php?Municipio=16,Revisar alcance geografico y duplicados antes de publicar
Las Choapas,1,0,1,https://www.veracruz.mx/destino.php?Municipio=61,Priorizar verificacion de entradas heredadas
Las Vigas de Ramírez,2,0,2,https://www.veracruz.mx/destino.php?Municipio=132,Priorizar verificacion de entradas heredadas
Minatitlán,2,0,2,https://www.veracruz.mx/destino.php?Municipio=108,Priorizar verificacion de entradas heredadas
Misantla,1,0,1,https://www.veracruz.mx/destino.php?Municipio=109,Priorizar verificacion de entradas heredadas
Naolinco,4,3,1,https://www.veracruz.mx/destino.php?Municipio=112,Revisar alcance geografico y duplicados antes de publicar
Nautla,2,0,2,https://www.veracruz.mx/destino.php?Municipio=114,Priorizar verificacion de entradas heredadas
Orizaba,6,5,1,https://www.veracruz.mx/destino.php?Municipio=118,Revisar alcance geografico y duplicados antes de publicar
Papantla,6,5,1,https://www.veracruz.mx/destino.php?Municipio=124,Revisar alcance geografico y duplicados antes de publicar
Perote,6,5,1,https://www.veracruz.mx/destino.php?Municipio=128,Revisar alcance geografico y duplicados antes de publicar
Poza Rica de Hidalgo,2,0,2,https://www.veracruz.mx/destino.php?Municipio=131,Priorizar verificacion de entradas heredadas
Puente Nacional,2,0,2,https://www.veracruz.mx/destino.php?Municipio=134,Priorizar verificacion de entradas heredadas
Pánuco,2,0,2,https://www.veracruz.mx/destino.php?Municipio=123,Priorizar verificacion de entradas heredadas
San Andrés Tuxtla,6,5,1,https://www.veracruz.mx/destino.php?Municipio=141,Revisar alcance geografico y duplicados antes de publicar
Santiago Tuxtla,2,0,2,https://www.veracruz.mx/destino.php?Municipio=143,Priorizar verificacion de entradas heredadas
Soteapan,1,0,1,https://www.veracruz.mx/destino.php?Municipio=149,Priorizar verificacion de entradas heredadas
Tamiahua,4,3,1,https://www.veracruz.mx/destino.php?Municipio=151,Revisar alcance geografico y duplicados antes de publicar
Tecolutla,6,3,3,https://www.veracruz.mx/destino.php?Municipio=158,Revisar alcance geografico y duplicados antes de publicar
Tempoal,1,0,1,https://www.veracruz.mx/destino.php?Municipio=161,Priorizar verificacion de entradas heredadas
Texistepec,2,0,2,https://www.veracruz.mx/destino.php?Municipio=172,Priorizar verificacion de entradas heredadas
Tlacotalpan,6,5,1,https://www.veracruz.mx/destino.php?Municipio=178,Revisar alcance geografico y duplicados antes de publicar
Tlalnelhuayocan,1,0,1,https://www.veracruz.mx/destino.php?Municipio=182,Priorizar verificacion de entradas heredadas
Tlapacoyan,2,0,2,https://www.veracruz.mx/destino.php?Municipio=183,Priorizar verificacion de entradas heredadas
Tuxpan,6,5,1,https://www.veracruz.mx/destino.php?Municipio=189,Revisar alcance geografico y duplicados antes de publicar
Ursulo Galván,2,0,2,https://www.veracruz.mx/destino.php?Municipio=191,Priorizar verificacion de entradas heredadas
Vega de Alatorre,6,4,2,https://www.veracruz.mx/destino.php?Municipio=192,Revisar alcance geografico y duplicados antes de publicar
Veracruz,7,6,1,https://www.veracruz.mx/destino.php?Municipio=193,Revisar alcance geografico y duplicados antes de publicar
Xalapa,8,6,2,https://www.veracruz.mx/destino.php?Municipio=87,Revisar alcance geografico y duplicados antes de publicar
Xico,7,6,1,https://www.veracruz.mx/destino.php?Municipio=92,Revisar alcance geografico y duplicados antes de publicar
Yanga,1,0,1,https://www.veracruz.mx/destino.php?Municipio=196,Priorizar verificacion de entradas heredadas
Zongolica,4,3,1,https://www.veracruz.mx/destino.php?Municipio=201,Revisar alcance geografico y duplicados antes de publicar
Zozocolco de Hidalgo,1,0,1,https://www.veracruz.mx/destino.php?Municipio=203,Priorizar verificacion de entradas heredadas
