id_fuente,url_fuente,organismo,tipo,destinos,n_registros_previos,n_registros_revisados,fecha_revision_directa,estado_url,limite_verificacion
SRC-0001,https://lasvigas.gob.mx/turisticos,Turismo de Veracruz / institución indicada en URL,Ficha municipal o información de atractivos,Las Vigas de Ramírez,2,0,,"HEREDADA, NO ABIERTA EN ESTA SESION","La presencia en sitio no garantiza apertura, operacion, accesibilidad ni licencia fotografica."
SRC-0002,https://www.filobobos.com.mx/,Turismo de Veracruz / institución indicada en URL,Ficha municipal o información de atractivos,Tlapacoyan,1,0,,"HEREDADA, NO ABIERTA EN ESTA SESION","La presencia en sitio no garantiza apertura, operacion, accesibilidad ni licencia fotografica."
SRC-0003,https://www.veracruz.gob.mx/2026/10/02/yanga-simbolo-de-libertad-mexico-no-se-doblega-ni-se-subordina-rocio-nahle/,Turismo de Veracruz / institución indicada en URL,Ficha municipal o información de atractivos,Yanga,1,0,,"HEREDADA, NO ABIERTA EN ESTA SESION","La presencia en sitio no garantiza apertura, operacion, accesibilidad ni licencia fotografica."
SRC-0004,https://www.veracruz.gob.mx/desarrollosocial/wp-content/uploads/sites/12/2025/08/Gac2024-440-Viernes-01-TOMO-III-Ext-PMDU-JILOTEPEC.pdf,Turismo de Veracruz / institución indicada en URL,Ficha municipal o información de atractivos,Jilotepec,2,0,,"HEREDADA, NO ABIERTA EN ESTA SESION","La presencia en sitio no garantiza apertura, operacion, accesibilidad ni licencia fotografica."
SRC-0005,https://www.veracruz.gob.mx/turismo/2025/03/25/descubre-veracruz-a-traves-de-la-ruta-primeros-pasos-de-cortes-historia-aventura-y-naturaleza/,Turismo de Veracruz / institución indicada en URL,Ficha municipal o información de atractivos,Emiliano Zapata,2,0,,"HEREDADA, NO ABIERTA EN ESTA SESION","La presencia en sitio no garantiza apertura, operacion, accesibilidad ni licencia fotografica."
SRC-0006,https://www.veracruz.gob.mx/turismo/turismo-de-naturaleza/,Turismo de Veracruz / institución indicada en URL,Ficha municipal o información de atractivos,Tlapacoyan,1,0,,"HEREDADA, NO ABIERTA EN ESTA SESION","La presencia en sitio no garantiza apertura, operacion, accesibilidad ni licencia fotografica."
SRC-0007,https://www.veracruz.mx/destino.php?Municipio=1,Turismo de Veracruz / institución indicada en URL,Ficha municipal o información de atractivos,Acajete,1,3,2026-10-09,CONSULTADA EN ESTA SESION / ATRACCIONES IDENTIFICADAS,"La presencia en sitio no garantiza apertura, operacion, accesibilidad ni licencia fotografica."
SRC-0008,https://www.veracruz.mx/destino.php?Municipio=108,Turismo de Veracruz / institución indicada en URL,Ficha municipal o información de atractivos,Minatitlán,2,0,,"HEREDADA, NO ABIERTA EN ESTA SESION","La presencia en sitio no garantiza apertura, operacion, accesibilidad ni licencia fotografica."
SRC-0009,https://www.veracruz.mx/destino.php?Municipio=109,Turismo de Veracruz / institución indicada en URL,Ficha municipal o información de atractivos,Misantla,1,0,,"HEREDADA, NO ABIERTA EN ESTA SESION","La presencia en sitio no garantiza apertura, operacion, accesibilidad ni licencia fotografica."
SRC-0010,https://www.veracruz.mx/destino.php?Municipio=11,Turismo de Veracruz / institución indicada en URL,Ficha municipal o información de atractivos,Alvarado,3,4,2026-10-09,CONSULTADA EN ESTA SESION / ATRACCIONES IDENTIFICADAS,"La presencia en sitio no garantiza apertura, operacion, accesibilidad ni licencia fotografica."
SRC-0011,https://www.veracruz.mx/destino.php?Municipio=112,Turismo de Veracruz / institución indicada en URL,Ficha municipal o información de atractivos,Naolinco,1,3,2026-10-09,CONSULTADA EN ESTA SESION / ATRACCIONES IDENTIFICADAS,"La presencia en sitio no garantiza apertura, operacion, accesibilidad ni licencia fotografica."
SRC-0012,https://www.veracruz.mx/destino.php?Municipio=114,Turismo de Veracruz / institución indicada en URL,Ficha municipal o información de atractivos,Nautla,2,0,,"HEREDADA, NO ABIERTA EN ESTA SESION","La presencia en sitio no garantiza apertura, operacion, accesibilidad ni licencia fotografica."
SRC-0013,https://www.veracruz.mx/destino.php?Municipio=118,Turismo de Veracruz / institución indicada en URL,Ficha municipal o información de atractivos,Orizaba,1,5,2026-10-09,CONSULTADA EN ESTA SESION / ATRACCIONES IDENTIFICADAS,"La presencia en sitio no garantiza apertura, operacion, accesibilidad ni licencia fotografica."
SRC-0014,https://www.veracruz.mx/destino.php?Municipio=123,Turismo de Veracruz / institución indicada en URL,Ficha municipal o información de atractivos,Pánuco,2,0,,"HEREDADA, NO ABIERTA EN ESTA SESION","La presencia en sitio no garantiza apertura, operacion, accesibilidad ni licencia fotografica."
SRC-0015,https://www.veracruz.mx/destino.php?Municipio=124,Turismo de Veracruz / institución indicada en URL,Ficha municipal o información de atractivos,Papantla,1,5,2026-10-09,CONSULTADA EN ESTA SESION / ATRACCIONES IDENTIFICADAS,"La presencia en sitio no garantiza apertura, operacion, accesibilidad ni licencia fotografica."
SRC-0016,https://www.veracruz.mx/destino.php?Municipio=128,Turismo de Veracruz / institución indicada en URL,Ficha municipal o información de atractivos,Perote,1,5,2026-10-09,CONSULTADA EN ESTA SESION / ATRACCIONES IDENTIFICADAS,"La presencia en sitio no garantiza apertura, operacion, accesibilidad ni licencia fotografica."
SRC-0017,https://www.veracruz.mx/destino.php?Municipio=131,Turismo de Veracruz / institución indicada en URL,Ficha municipal o información de atractivos,Poza Rica de Hidalgo,2,0,,"HEREDADA, NO ABIERTA EN ESTA SESION","La presencia en sitio no garantiza apertura, operacion, accesibilidad ni licencia fotografica."
SRC-0018,https://www.veracruz.mx/destino.php?Municipio=132,Turismo de Veracruz,Ficha municipal en referencia original,Las Vigas de Ramírez,0,0,,REFERENCIA ORIGINAL: COTEJO PENDIENTE,"La presencia en sitio no garantiza apertura, operacion, accesibilidad ni licencia fotografica."
SRC-0019,https://www.veracruz.mx/destino.php?Municipio=134,Turismo de Veracruz / institución indicada en URL,Ficha municipal o información de atractivos,Puente Nacional,2,0,,"HEREDADA, NO ABIERTA EN ESTA SESION","La presencia en sitio no garantiza apertura, operacion, accesibilidad ni licencia fotografica."
SRC-0020,https://www.veracruz.mx/destino.php?Municipio=141,Turismo de Veracruz / institución indicada en URL,Ficha municipal o información de atractivos,San Andrés Tuxtla,1,5,2026-10-09,CONSULTADA EN ESTA SESION / ATRACCIONES IDENTIFICADAS,"La presencia en sitio no garantiza apertura, operacion, accesibilidad ni licencia fotografica."
SRC-0021,https://www.veracruz.mx/destino.php?Municipio=143,Turismo de Veracruz / institución indicada en URL,Ficha municipal o información de atractivos,Santiago Tuxtla,2,0,,"HEREDADA, NO ABIERTA EN ESTA SESION","La presencia en sitio no garantiza apertura, operacion, accesibilidad ni licencia fotografica."
SRC-0022,https://www.veracruz.mx/destino.php?Municipio=149,Turismo de Veracruz,Ficha municipal en referencia original,Soteapan,0,0,,REFERENCIA ORIGINAL: COTEJO PENDIENTE,"La presencia en sitio no garantiza apertura, operacion, accesibilidad ni licencia fotografica."
SRC-0023,https://www.veracruz.mx/destino.php?Municipio=151,Turismo de Veracruz / institución indicada en URL,Ficha municipal o información de atractivos,Tamiahua,1,3,2026-10-09,CONSULTADA EN ESTA SESION / ATRACCIONES IDENTIFICADAS,"La presencia en sitio no garantiza apertura, operacion, accesibilidad ni licencia fotografica."
SRC-0024,https://www.veracruz.mx/destino.php?Municipio=157,Turismo de Veracruz / institución indicada en URL,Ficha municipal o información de atractivos,Castillo de Teayo,2,2,2026-10-09,CONSULTADA EN ESTA SESION / ATRACCIONES IDENTIFICADAS,"La presencia en sitio no garantiza apertura, operacion, accesibilidad ni licencia fotografica."
SRC-0025,https://www.veracruz.mx/destino.php?Municipio=158,Turismo de Veracruz / institución indicada en URL,Ficha municipal o información de atractivos,Tecolutla,3,3,2026-10-09,CONSULTADA EN ESTA SESION / ATRACCIONES IDENTIFICADAS,"La presencia en sitio no garantiza apertura, operacion, accesibilidad ni licencia fotografica."
SRC-0026,https://www.veracruz.mx/destino.php?Municipio=16,Turismo de Veracruz / institución indicada en URL,Ficha municipal o información de atractivos,La Antigua,1,4,2026-10-09,CONSULTADA EN ESTA SESION / ATRACCIONES IDENTIFICADAS,"La presencia en sitio no garantiza apertura, operacion, accesibilidad ni licencia fotografica."
SRC-0027,https://www.veracruz.mx/destino.php?Municipio=161,Turismo de Veracruz / institución indicada en URL,Ficha municipal o información de atractivos,Tempoal,1,0,,"HEREDADA, NO ABIERTA EN ESTA SESION","La presencia en sitio no garantiza apertura, operacion, accesibilidad ni licencia fotografica."
SRC-0028,https://www.veracruz.mx/destino.php?Municipio=172,Turismo de Veracruz / institución indicada en URL,Ficha municipal o información de atractivos,Texistepec,2,0,,"HEREDADA, NO ABIERTA EN ESTA SESION","La presencia en sitio no garantiza apertura, operacion, accesibilidad ni licencia fotografica."
SRC-0029,https://www.veracruz.mx/destino.php?Municipio=178,Turismo de Veracruz / institución indicada en URL,Ficha municipal o información de atractivos,Tlacotalpan,1,5,2026-10-09,CONSULTADA EN ESTA SESION / ATRACCIONES IDENTIFICADAS,"La presencia en sitio no garantiza apertura, operacion, accesibilidad ni licencia fotografica."
SRC-0030,https://www.veracruz.mx/destino.php?Municipio=182,Turismo de Veracruz / institución indicada en URL,Ficha municipal o información de atractivos,Tlalnelhuayocan,1,0,,"HEREDADA, NO ABIERTA EN ESTA SESION","La presencia en sitio no garantiza apertura, operacion, accesibilidad ni licencia fotografica."
SRC-0031,https://www.veracruz.mx/destino.php?Municipio=183,Turismo de Veracruz,Ficha municipal en referencia original,Tlapacoyan,0,0,,REFERENCIA ORIGINAL: COTEJO PENDIENTE,"La presencia en sitio no garantiza apertura, operacion, accesibilidad ni licencia fotografica."
SRC-0032,https://www.veracruz.mx/destino.php?Municipio=189,Turismo de Veracruz / institución indicada en URL,Ficha municipal o información de atractivos,Tuxpan,1,5,2026-10-09,CONSULTADA EN ESTA SESION / ATRACCIONES IDENTIFICADAS,"La presencia en sitio no garantiza apertura, operacion, accesibilidad ni licencia fotografica."
SRC-0033,https://www.veracruz.mx/destino.php?Municipio=191,Turismo de Veracruz / institución indicada en URL,Ficha municipal o información de atractivos,Ursulo Galván,2,0,,"HEREDADA, NO ABIERTA EN ESTA SESION","La presencia en sitio no garantiza apertura, operacion, accesibilidad ni licencia fotografica."
SRC-0034,https://www.veracruz.mx/destino.php?Municipio=192,Turismo de Veracruz / institución indicada en URL,Ficha municipal o información de atractivos,Vega de Alatorre,2,4,2026-10-09,CONSULTADA EN ESTA SESION / ATRACCIONES IDENTIFICADAS,"La presencia en sitio no garantiza apertura, operacion, accesibilidad ni licencia fotografica."
SRC-0035,https://www.veracruz.mx/destino.php?Municipio=193,Turismo de Veracruz / institución indicada en URL,Ficha municipal o información de atractivos,Veracruz,1,6,2026-10-09,CONSULTADA EN ESTA SESION / ATRACCIONES IDENTIFICADAS,"La presencia en sitio no garantiza apertura, operacion, accesibilidad ni licencia fotografica."
SRC-0036,https://www.veracruz.mx/destino.php?Municipio=196,Turismo de Veracruz,Ficha municipal en referencia original,Yanga,0,0,,REFERENCIA ORIGINAL: COTEJO PENDIENTE,"La presencia en sitio no garantiza apertura, operacion, accesibilidad ni licencia fotografica."
SRC-0037,https://www.veracruz.mx/destino.php?Municipio=201,Turismo de Veracruz / institución indicada en URL,Ficha municipal o información de atractivos,Zongolica,1,3,2026-10-09,CONSULTADA EN ESTA SESION / ATRACCIONES IDENTIFICADAS,"La presencia en sitio no garantiza apertura, operacion, accesibilidad ni licencia fotografica."
SRC-0038,https://www.veracruz.mx/destino.php?Municipio=203,Turismo de Veracruz / institución indicada en URL,Ficha municipal o información de atractivos,Zozocolco de Hidalgo,1,0,,"HEREDADA, NO ABIERTA EN ESTA SESION","La presencia en sitio no garantiza apertura, operacion, accesibilidad ni licencia fotografica."
SRC-0039,https://www.veracruz.mx/destino.php?Municipio=23,Turismo de Veracruz / institución indicada en URL,Ficha municipal o información de atractivos,Atzalan,3,2,2026-10-09,CONSULTADA EN ESTA SESION / ATRACCIONES IDENTIFICADAS,"La presencia en sitio no garantiza apertura, operacion, accesibilidad ni licencia fotografica."
SRC-0040,https://www.veracruz.mx/destino.php?Municipio=28,Turismo de Veracruz / institución indicada en URL,Ficha municipal o información de atractivos,Boca del Río,3,4,2026-10-09,CONSULTADA EN ESTA SESION / ATRACCIONES IDENTIFICADAS,"La presencia en sitio no garantiza apertura, operacion, accesibilidad ni licencia fotografica."
SRC-0041,https://www.veracruz.mx/destino.php?Municipio=29,Turismo de Veracruz / institución indicada en URL,Ficha municipal o información de atractivos,Calcahualco,1,0,,"HEREDADA, NO ABIERTA EN ESTA SESION","La presencia en sitio no garantiza apertura, operacion, accesibilidad ni licencia fotografica."
SRC-0042,https://www.veracruz.mx/destino.php?Municipio=31,Turismo de Veracruz / institución indicada en URL,Ficha municipal o información de atractivos,Carrillo Puerto,1,0,,"HEREDADA, NO ABIERTA EN ESTA SESION","La presencia en sitio no garantiza apertura, operacion, accesibilidad ni licencia fotografica."
SRC-0043,https://www.veracruz.mx/destino.php?Municipio=32,Turismo de Veracruz / institución indicada en URL,Ficha municipal o información de atractivos,Catemaco,1,7,2026-10-09,CONSULTADA EN ESTA SESION / ATRACCIONES IDENTIFICADAS,"La presencia en sitio no garantiza apertura, operacion, accesibilidad ni licencia fotografica."
SRC-0044,https://www.veracruz.mx/destino.php?Municipio=33,Turismo de Veracruz / institución indicada en URL,Ficha municipal o información de atractivos,Cazones de Herrera,3,3,2026-10-09,CONSULTADA EN ESTA SESION / ATRACCIONES IDENTIFICADAS,"La presencia en sitio no garantiza apertura, operacion, accesibilidad ni licencia fotografica."
SRC-0045,https://www.veracruz.mx/destino.php?Municipio=38,Turismo de Veracruz / institución indicada en URL,Ficha municipal o información de atractivos,Coatepec,1,6,2026-10-09,CONSULTADA EN ESTA SESION / ATRACCIONES IDENTIFICADAS,"La presencia en sitio no garantiza apertura, operacion, accesibilidad ni licencia fotografica."
SRC-0046,https://www.veracruz.mx/destino.php?Municipio=39,Turismo de Veracruz / institución indicada en URL,Ficha municipal o información de atractivos,Coatzacoalcos,1,3,2026-10-09,CONSULTADA EN ESTA SESION / ATRACCIONES IDENTIFICADAS,"La presencia en sitio no garantiza apertura, operacion, accesibilidad ni licencia fotografica."
SRC-0047,https://www.veracruz.mx/destino.php?Municipio=4,Turismo de Veracruz / institución indicada en URL,Ficha municipal o información de atractivos,Actopan,1,0,,"HEREDADA, NO ABIERTA EN ESTA SESION","La presencia en sitio no garantiza apertura, operacion, accesibilidad ni licencia fotografica."
SRC-0048,https://www.veracruz.mx/destino.php?Municipio=44,Turismo de Veracruz / institución indicada en URL,Ficha municipal o información de atractivos,Córdoba,3,4,2026-10-09,CONSULTADA EN ESTA SESION / ATRACCIONES IDENTIFICADAS,"La presencia en sitio no garantiza apertura, operacion, accesibilidad ni licencia fotografica."
SRC-0049,https://www.veracruz.mx/destino.php?Municipio=47,Turismo de Veracruz / institución indicada en URL,Ficha municipal o información de atractivos,Coscomatepec,3,3,2026-10-09,CONSULTADA EN ESTA SESION / ATRACCIONES IDENTIFICADAS,"La presencia en sitio no garantiza apertura, operacion, accesibilidad ni licencia fotografica."
SRC-0050,https://www.veracruz.mx/destino.php?Municipio=53,Turismo de Veracruz / institución indicada en URL,Ficha municipal o información de atractivos,Cuitláhuac,1,0,,"HEREDADA, NO ABIERTA EN ESTA SESION","La presencia en sitio no garantiza apertura, operacion, accesibilidad ni licencia fotografica."
SRC-0051,https://www.veracruz.mx/destino.php?Municipio=59,Turismo de Veracruz / institución indicada en URL,Ficha municipal o información de atractivos,Chinameca,2,0,,"HEREDADA, NO ABIERTA EN ESTA SESION","La presencia en sitio no garantiza apertura, operacion, accesibilidad ni licencia fotografica."
SRC-0052,https://www.veracruz.mx/destino.php?Municipio=61,Turismo de Veracruz / institución indicada en URL,Ficha municipal o información de atractivos,Las Choapas,1,0,,"HEREDADA, NO ABIERTA EN ESTA SESION","La presencia en sitio no garantiza apertura, operacion, accesibilidad ni licencia fotografica."
SRC-0053,https://www.veracruz.mx/destino.php?Municipio=65,Turismo de Veracruz,Ficha municipal en referencia original,Emiliano Zapata,0,0,,REFERENCIA ORIGINAL: COTEJO PENDIENTE,"La presencia en sitio no garantiza apertura, operacion, accesibilidad ni licencia fotografica."
SRC-0054,https://www.veracruz.mx/destino.php?Municipio=68,Turismo de Veracruz / institución indicada en URL,Ficha municipal o información de atractivos,Fortín,2,3,2026-10-09,CONSULTADA EN ESTA SESION / ATRACCIONES IDENTIFICADAS,"La presencia en sitio no garantiza apertura, operacion, accesibilidad ni licencia fotografica."
SRC-0055,https://www.veracruz.mx/destino.php?Municipio=71,Turismo de Veracruz / institución indicada en URL,Ficha municipal o información de atractivos,Huatusco,2,0,,"HEREDADA, NO ABIERTA EN ESTA SESION","La presencia en sitio no garantiza apertura, operacion, accesibilidad ni licencia fotografica."
SRC-0056,https://www.veracruz.mx/destino.php?Municipio=87,Turismo de Veracruz / institución indicada en URL,Ficha municipal o información de atractivos,Xalapa,2,6,2026-10-09,CONSULTADA EN ESTA SESION / ATRACCIONES IDENTIFICADAS,"La presencia en sitio no garantiza apertura, operacion, accesibilidad ni licencia fotografica."
SRC-0057,https://www.veracruz.mx/destino.php?Municipio=88,Turismo de Veracruz / institución indicada en URL,Ficha municipal o información de atractivos,Jalcomulco,1,0,,"HEREDADA, NO ABIERTA EN ESTA SESION","La presencia en sitio no garantiza apertura, operacion, accesibilidad ni licencia fotografica."
SRC-0058,https://www.veracruz.mx/destino.php?Municipio=89,Turismo de Veracruz / institución indicada en URL,Ficha municipal o información de atractivos,Jáltipan,2,0,,"HEREDADA, NO ABIERTA EN ESTA SESION","La presencia en sitio no garantiza apertura, operacion, accesibilidad ni licencia fotografica."
SRC-0059,https://www.veracruz.mx/destino.php?Municipio=91,Turismo de Veracruz / institución indicada en URL,Ficha municipal o información de atractivos,Jesús Carranza,2,2,2026-10-09,CONSULTADA EN ESTA SESION / ATRACCIONES IDENTIFICADAS,"La presencia en sitio no garantiza apertura, operacion, accesibilidad ni licencia fotografica."
SRC-0060,https://www.veracruz.mx/destino.php?Municipio=92,Turismo de Veracruz / institución indicada en URL,Ficha municipal o información de atractivos,Xico,1,6,2026-10-09,CONSULTADA EN ESTA SESION / ATRACCIONES IDENTIFICADAS,"La presencia en sitio no garantiza apertura, operacion, accesibilidad ni licencia fotografica."
SRC-0061,https://www.veracruz.mx/destino.php?Municipio=93,Turismo de Veracruz,Ficha municipal en referencia original,Jilotepec,0,0,,REFERENCIA ORIGINAL: COTEJO PENDIENTE,"La presencia en sitio no garantiza apertura, operacion, accesibilidad ni licencia fotografica."
SRC-0062,https://www.veracruz.mx/productos.php,Turismo de Veracruz / institución indicada en URL,Ficha municipal o información de atractivos,Soteapan,1,0,,"HEREDADA, NO ABIERTA EN ESTA SESION","La presencia en sitio no garantiza apertura, operacion, accesibilidad ni licencia fotografica."
