anio,mes,centro,tipo_centro,subtipo_centro,cuartos_disponibles,cuartos_ocupados,llegadas_total,turistas_noche_total,ocupacion_pct,fecha
2016,1,Coatzacoalcos,Ciudades,Interior,49705,23511,27347,33495,47.30107635046776,2016-01-01
2016,1,Veracruz-Boca del Río,Centros de Playa,Tradicionales,267673,108038,181995,214733,40.36193415099767,2016-01-01
2016,1,Xalapa,Ciudades,Interior,72871,27106,36511,45553,37.197238956512194,2016-01-01
2016,2,Coatzacoalcos,Ciudades,Interior,51762,25149,29156,33566,48.585835168656544,2016-02-01
2016,2,Veracruz-Boca del Río,Centros de Playa,Tradicionales,250825,101511,163332,194116,40.4708462075152,2016-02-01
2016,2,Xalapa,Ciudades,Interior,67811,22877,29424,37083,33.73641444603383,2016-02-01
2016,3,Coatzacoalcos,Ciudades,Interior,55296,28325,37294,41728,51.224320023148145,2016-03-01
2016,3,Veracruz-Boca del Río,Centros de Playa,Tradicionales,267854,140867,237769,291871,52.590963733974476,2016-03-01
2016,3,Xalapa,Ciudades,Interior,73031,30124,40955,51784,41.24823705001985,2016-03-01
2016,4,Coatzacoalcos,Ciudades,Interior,53457,26695,34391,37380,49.93733280954786,2016-04-01
2016,4,Veracruz-Boca del Río,Centros de Playa,Tradicionales,259193,121326,202489,241713,46.809134505947306,2016-04-01
2016,4,Xalapa,Ciudades,Interior,71100,29292,40551,49599,41.19831223628692,2016-04-01
2016,5,Coatzacoalcos,Ciudades,Interior,55213,25724,33924,36080,46.590476880444825,2016-05-01
2016,5,Veracruz-Boca del Río,Centros de Playa,Tradicionales,268182,129413,217149,264628,48.255662199551054,2016-05-01
2016,5,Xalapa,Ciudades,Interior,73227,29056,40114,49702,39.67935324402201,2016-05-01
2016,6,Coatzacoalcos,Ciudades,Interior,53520,23714,29274,32539,44.308669656203286,2016-06-01
2016,6,Veracruz-Boca del Río,Centros de Playa,Tradicionales,259435,113070,195595,227026,43.583171121860964,2016-06-01
2016,6,Xalapa,Ciudades,Interior,70631,28661,39567,47902,40.57849952570401,2016-06-01
2016,7,Coatzacoalcos,Ciudades,Interior,55283,23763,31888,35319,42.98428088200713,2016-07-01
2016,7,Veracruz-Boca del Río,Centros de Playa,Tradicionales,268282,152517,271896,333794,56.84950909863502,2016-07-01
2016,7,Xalapa,Ciudades,Interior,73005,31082,43660,53262,42.57516608451476,2016-07-01
2016,8,Coatzacoalcos,Ciudades,Interior,55295,23259,30815,33267,42.06347771046207,2016-08-01
2016,8,Veracruz-Boca del Río,Centros de Playa,Tradicionales,268102,130999,226503,279267,48.86162729110563,2016-08-01
2016,8,Xalapa,Ciudades,Interior,73005,28242,39020,48253,38.6850215738648,2016-08-01
2016,9,Coatzacoalcos,Ciudades,Interior,53403,20027,24951,27434,37.50163848472932,2016-09-01
2016,9,Veracruz-Boca del Río,Centros de Playa,Tradicionales,259460,113884,200463,232585,43.8927002235412,2016-09-01
2016,9,Xalapa,Ciudades,Interior,70780,28125,37792,46184,39.73580107374965,2016-09-01
2016,10,Coatzacoalcos,Ciudades,Interior,55269,21087,27632,29809,38.153395212506105,2016-10-01
2016,10,Veracruz-Boca del Río,Centros de Playa,Tradicionales,268152,105754,190145,219961,39.43807989498493,2016-10-01
2016,10,Xalapa,Ciudades,Interior,72957,28932,36655,46612,39.65623586496155,2016-10-01
2016,11,Coatzacoalcos,Ciudades,Interior,53438,19838,25799,28128,37.12339533665182,2016-11-01
2016,11,Veracruz-Boca del Río,Centros de Playa,Tradicionales,259350,100029,178525,204379,38.56911509543089,2016-11-01
2016,11,Xalapa,Ciudades,Interior,70320,27865,37504,45817,39.62599544937429,2016-11-01
2016,12,Coatzacoalcos,Ciudades,Interior,55027,17979,25770,28196,32.67305141112545,2016-12-01
2016,12,Veracruz-Boca del Río,Centros de Playa,Tradicionales,268232,116155,209833,253023,43.303930925467505,2016-12-01
2016,12,Xalapa,Ciudades,Interior,72757,28262,39744,48334,38.844372362796705,2016-12-01
2017,1,Coatzacoalcos,Ciudades,Interior,55213,15894,21360,22985,28.786698784706502,2017-01-01
2017,1,Veracruz-Boca del Río,Centros de Playa,Tradicionales,267989,89537,156704,189130,33.41069969289784,2017-01-01
2017,1,Xalapa,Ciudades,Interior,73005,23546,31369,38298,32.25258543935347,2017-01-01
2017,2,Coatzacoalcos,Ciudades,Interior,49952,17163,22418,24091,34.35898462524023,2017-02-01
2017,2,Veracruz-Boca del Río,Centros de Playa,Tradicionales,242241,97857,178284,197787,40.396547240145146,2017-02-01
2017,2,Xalapa,Ciudades,Interior,65679,24083,31881,39548,36.66773245634069,2017-02-01
2017,3,Coatzacoalcos,Ciudades,Interior,55304,19194,25496,28299,34.70635035440475,2017-03-01
2017,3,Veracruz-Boca del Río,Centros de Playa,Tradicionales,268269,102627,184164,217397,38.25525871420104,2017-03-01
2017,3,Xalapa,Ciudades,Interior,72972,30772,42115,52970,42.169599298361014,2017-03-01
2017,4,Coatzacoalcos,Ciudades,Interior,53517,20548,30210,33064,38.3952762673543,2017-04-01
2017,4,Veracruz-Boca del Río,Centros de Playa,Tradicionales,259585,132369,233062,295647,50.992545794248514,2017-04-01
2017,4,Xalapa,Ciudades,Interior,70620,30346,40278,52350,42.970829793259696,2017-04-01
2017,5,Coatzacoalcos,Ciudades,Interior,54912,18608,25019,27292,33.886946386946384,2017-05-01
2017,5,Veracruz-Boca del Río,Centros de Playa,Tradicionales,268599,118343,214140,249770,44.05935986358847,2017-05-01
2017,5,Xalapa,Ciudades,Interior,73005,29672,42822,52067,40.64379152112869,2017-05-01
2017,6,Coatzacoalcos,Ciudades,Interior,53433,17248,22950,24765,32.27967735294668,2017-06-01
2017,6,Veracruz-Boca del Río,Centros de Playa,Tradicionales,259621,105427,190109,222592,40.60804018164941,2017-06-01
2017,6,Xalapa,Ciudades,Interior,70560,29768,43657,51863,42.188208616780045,2017-06-01
2017,7,Coatzacoalcos,Ciudades,Interior,55238,21764,31683,35520,39.40041275933234,2017-07-01
2017,7,Veracruz-Boca del Río,Centros de Playa,Tradicionales,268405,145355,260948,318633,54.155101432536654,2017-07-01
2017,7,Xalapa,Ciudades,Interior,72831,31063,44829,53013,42.650794304623034,2017-07-01
2017,8,Coatzacoalcos,Ciudades,Interior,55129,22260,31833,34958,40.378022456420396,2017-08-01
2017,8,Veracruz-Boca del Río,Centros de Playa,Tradicionales,268281,129335,228195,285319,48.20878109146753,2017-08-01
2017,8,Xalapa,Ciudades,Interior,72774,30076,40024,51291,41.32794679418473,2017-08-01
2017,9,Coatzacoalcos,Ciudades,Interior,53490,18389,25575,28113,34.37838848382875,2017-09-01
2017,9,Veracruz-Boca del Río,Centros de Playa,Tradicionales,259705,99321,178462,203329,38.243776592672454,2017-09-01
2017,9,Xalapa,Ciudades,Interior,70500,25577,33946,42795,36.279432624113475,2017-09-01
2017,10,Coatzacoalcos,Ciudades,Interior,55194,20714,27992,31415,37.52944160597166,2017-10-01
2017,10,Veracruz-Boca del Río,Centros de Playa,Tradicionales,268451,111521,195104,227540,41.542404386647846,2017-10-01
2017,10,Xalapa,Ciudades,Interior,72850,26926,35785,44215,36.96087851750172,2017-10-01
2017,11,Coatzacoalcos,Ciudades,Interior,53080,20005,27945,30210,37.688394875659384,2017-11-01
2017,11,Veracruz-Boca del Río,Centros de Playa,Tradicionales,259935,118190,197854,247872,45.46905957258545,2017-11-01
2017,11,Xalapa,Ciudades,Interior,70444,27907,38319,46989,39.6158650843223,2017-11-01
2017,12,Coatzacoalcos,Ciudades,Interior,54901,18972,27257,30612,34.55674760022586,2017-12-01
2017,12,Veracruz-Boca del Río,Centros de Playa,Tradicionales,268575,128914,227043,288675,47.99925532905147,2017-12-01
2017,12,Xalapa,Ciudades,Interior,72633,29312,42924,50925,40.35631186926053,2017-12-01
2018,1,Coatzacoalcos,Ciudades,Interior,54899,17105,23582,25921,31.157215978433122,2018-01-01
2018,1,Veracruz-Boca del Río,Centros de Playa,Tradicionales,268547,109046,197789,234748,40.6059274540397,2018-01-01
2018,1,Xalapa,Ciudades,Interior,72803,25680,38363,45295,35.2732717058363,2018-01-01
2018,2,Coatzacoalcos,Ciudades,Interior,49588,16150,20959,23291,32.56836331370493,2018-02-01
2018,2,Veracruz-Boca del Río,Centros de Playa,Tradicionales,242636,111983,201828,236990,46.1526731400122,2018-02-01
2018,2,Xalapa,Ciudades,Interior,66118,24478,37470,43841,37.02168849632475,2018-02-01
2018,3,Coatzacoalcos,Ciudades,Interior,54901,19136,27375,29616,34.85546711353163,2018-03-01
2018,3,Veracruz-Boca del Río,Centros de Playa,Tradicionales,268790,148469,250466,316613,55.23605788905837,2018-03-01
2018,3,Xalapa,Ciudades,Interior,73284,27740,40582,48329,37.85273729599913,2018-03-01
2018,4,Coatzacoalcos,Ciudades,Interior,52998,18901,26037,28047,35.66360994754519,2018-04-01
2018,4,Veracruz-Boca del Río,Centros de Playa,Tradicionales,260038,146269,254188,322562,56.24908667194794,2018-04-01
2018,4,Xalapa,Ciudades,Interior,70159,32357,47263,57534,46.119528499551016,2018-04-01
2018,5,Coatzacoalcos,Ciudades,Interior,54889,21243,30529,32940,38.701743518737814,2018-05-01
2018,5,Veracruz-Boca del Río,Centros de Playa,Tradicionales,268954,148335,256687,317796,55.15255396833659,2018-05-01
2018,5,Xalapa,Ciudades,Interior,71641,27940,39680,47865,39.00001395848746,2018-05-01
2018,6,Coatzacoalcos,Ciudades,Interior,53077,18264,23933,26393,34.41038491248563,2018-06-01
2018,6,Veracruz-Boca del Río,Centros de Playa,Tradicionales,260520,125589,218834,271990,48.20704744357439,2018-06-01
2018,6,Xalapa,Ciudades,Interior,69803,28479,42709,49917,40.799106055613656,2018-06-01
2018,7,Coatzacoalcos,Ciudades,Interior,54759,19599,28491,30434,35.79137675998466,2018-07-01
2018,7,Veracruz-Boca del Río,Centros de Playa,Tradicionales,269357,173028,300325,387732,64.23742468174207,2018-07-01
2018,7,Xalapa,Ciudades,Interior,72168,31998,50554,58736,44.338210841370135,2018-07-01
2018,8,Coatzacoalcos,Ciudades,Interior,54727,20230,28137,30153,36.96530049153069,2018-08-01
2018,8,Veracruz-Boca del Río,Centros de Playa,Tradicionales,269265,146271,262084,318184,54.322321876218595,2018-08-01
2018,8,Xalapa,Ciudades,Interior,72168,31410,47704,54287,43.52344529431327,2018-08-01
2018,9,Coatzacoalcos,Ciudades,Interior,53034,18425,25931,27544,34.741863710072785,2018-09-01
2018,9,Veracruz-Boca del Río,Centros de Playa,Tradicionales,260085,110650,187717,234741,42.543783763000555,2018-09-01
2018,9,Xalapa,Ciudades,Interior,69760,27638,41750,47774,39.61869266055046,2018-09-01
2018,10,Coatzacoalcos,Ciudades,Interior,54891,19417,26716,28375,35.373740686086975,2018-10-01
2018,10,Veracruz-Boca del Río,Centros de Playa,Tradicionales,268754,118738,208753,264243,44.18092381880828,2018-10-01
2018,10,Xalapa,Ciudades,Interior,72168,28462,42676,50119,39.43853231349075,2018-10-01
2018,11,Coatzacoalcos,Ciudades,Interior,53116,18246,27067,28925,34.35123126741472,2018-11-01
2018,11,Veracruz-Boca del Río,Centros de Playa,Tradicionales,260045,111036,192283,238630,42.6987636755177,2018-11-01
2018,11,Xalapa,Ciudades,Interior,69829,31089,48513,55505,44.52161709318478,2018-11-01
2018,12,Coatzacoalcos,Ciudades,Interior,54831,17621,26831,29801,32.13692983895971,2018-12-01
2018,12,Veracruz-Boca del Río,Centros de Playa,Tradicionales,268704,128059,220426,284586,47.658017744432534,2018-12-01
2018,12,Xalapa,Ciudades,Interior,72168,28323,44160,51456,39.24592617226472,2018-12-01
2019,1,Coatzacoalcos,Ciudades,Interior,54901,17960,28037,29847,32.713429627875634,2019-01-01
2019,1,Veracruz-Boca del Río,Centros de Playa,Tradicionales,268874,108300,186745,238388,40.279089833899896,2019-01-01
2019,1,Xalapa,Ciudades,Interior,72176,23896,36693,43371,33.10795832409665,2019-01-01
2019,2,Coatzacoalcos,Ciudades,Interior,49558,16692,24016,25990,33.681746640300254,2019-02-01
2019,2,Veracruz-Boca del Río,Centros de Playa,Tradicionales,243154,105081,179488,223773,43.21582207160894,2019-02-01
2019,2,Xalapa,Ciudades,Interior,65232,19786,30609,34907,30.331739023792004,2019-02-01
2019,3,Coatzacoalcos,Ciudades,Interior,54829,18550,27713,29994,33.832460923963595,2019-03-01
2019,3,Veracruz-Boca del Río,Centros de Playa,Tradicionales,271407,127978,212395,284899,47.15353693898831,2019-03-01
2019,3,Xalapa,Ciudades,Interior,72230,24989,39349,44198,34.59642807697632,2019-03-01
2019,4,Coatzacoalcos,Ciudades,Interior,53124,19592,28968,33668,36.87975303064528,2019-04-01
2019,4,Veracruz-Boca del Río,Centros de Playa,Tradicionales,263040,133594,193989,325054,50.78847323600973,2019-04-01
2019,4,Xalapa,Ciudades,Interior,70088,26695,42922,48807,38.08783243921927,2019-04-01
2019,5,Coatzacoalcos,Ciudades,Interior,54551,18654,24532,27029,34.1955234551154,2019-05-01
2019,5,Veracruz-Boca del Río,Centros de Playa,Tradicionales,271674,137027,170407,325637,50.438024985828605,2019-05-01
2019,5,Xalapa,Ciudades,Interior,76402,32317,47821,65032,42.29863092589199,2019-05-01
2019,6,Coatzacoalcos,Ciudades,Interior,52878,17825,24291,26226,33.70967131888498,2019-06-01
2019,6,Veracruz-Boca del Río,Centros de Playa,Tradicionales,263040,120392,143746,284158,45.76946472019465,2019-06-01
2019,6,Xalapa,Ciudades,Interior,73948,30554,42149,62804,41.318223616595446,2019-06-01
2019,7,Coatzacoalcos,Ciudades,Interior,54963,20108,28692,31410,36.584611465895236,2019-07-01
2019,7,Veracruz-Boca del Río,Centros de Playa,Tradicionales,271800,150904,195297,381811,55.52023546725533,2019-07-01
2019,7,Xalapa,Ciudades,Interior,76463,33021,48389,77127,43.185593031923936,2019-07-01
2019,8,Coatzacoalcos,Ciudades,Interior,54937,20687,29403,32302,37.65586034912718,2019-08-01
2019,8,Veracruz-Boca del Río,Centros de Playa,Tradicionales,271790,136541,193255,341757,50.237683505647745,2019-08-01
2019,8,Xalapa,Ciudades,Interior,76415,31869,45616,72182,41.70516259896617,2019-08-01
2019,9,Coatzacoalcos,Ciudades,Interior,53190,17514,23173,25277,32.92724196277496,2019-09-01
2019,9,Veracruz-Boca del Río,Centros de Playa,Tradicionales,262950,112991,143250,270478,42.970526716105724,2019-09-01
2019,9,Xalapa,Ciudades,Interior,74003,29785,42786,68804,40.24836830939286,2019-09-01
2019,10,Coatzacoalcos,Ciudades,Interior,54963,19146,25030,27545,34.83434310354238,2019-10-01
2019,10,Veracruz-Boca del Río,Centros de Playa,Tradicionales,271560,117908,159548,279218,43.418765650316686,2019-10-01
2019,10,Xalapa,Ciudades,Interior,76415,36315,47201,75429,47.52339200418766,2019-10-01
2019,11,Coatzacoalcos,Ciudades,Interior,53190,16960,23584,25555,31.885692799398385,2019-11-01
2019,11,Veracruz-Boca del Río,Centros de Playa,Tradicionales,262950,118151,156308,279584,44.93287697280852,2019-11-01
2019,11,Xalapa,Ciudades,Interior,74006,34876,49382,80962,47.12590871010459,2019-11-01
2019,12,Coatzacoalcos,Ciudades,Interior,54910,17457,26878,29564,31.792023310872338,2019-12-01
2019,12,Veracruz-Boca del Río,Centros de Playa,Tradicionales,271528,130291,182663,314057,47.98436993606553,2019-12-01
2019,12,Xalapa,Ciudades,Interior,76439,29473,44301,61169,38.557542615680475,2019-12-01
2020,1,Coatzacoalcos,Ciudades,Interior,54588,17596,25819,28243,32.234190664614935,2020-01-01
2020,1,Veracruz-Boca del Río,Centros de Playa,Tradicionales,309876,133785,181168,342902,43.173721101343766,2020-01-01
2020,1,Xalapa,Ciudades,Interior,91915,34360,52948,63179,37.382364140782244,2020-01-01
2020,2,Coatzacoalcos,Ciudades,Interior,51011,16618,23171,25147,32.57728725176923,2020-02-01
2020,2,Veracruz-Boca del Río,Centros de Playa,Tradicionales,290029,138658,181484,323176,47.80832261601426,2020-02-01
2020,2,Xalapa,Ciudades,Interior,85724,35629,53834,64788,41.56245625495777,2020-02-01
2020,3,Coatzacoalcos,Ciudades,Interior,54621,12963,18487,19995,23.73263030702477,2020-03-01
2020,3,Veracruz-Boca del Río,Centros de Playa,Tradicionales,310155,110021,147374,255482,35.472908706936856,2020-03-01
2020,3,Xalapa,Ciudades,Interior,91767,31183,48487,57624,33.980624843353276,2020-03-01
2020,4,Coatzacoalcos,Ciudades,Interior,52572,4585,6387,7385,8.721372593776154,2020-04-01
2020,4,Veracruz-Boca del Río,Centros de Playa,Tradicionales,301530,15820,24038,34736,5.2465757967698075,2020-04-01
2020,4,Xalapa,Ciudades,Interior,88428,5515,7914,9574,6.236712353553173,2020-04-01
2020,5,Coatzacoalcos,Ciudades,Interior,54407,3974,5319,5920,7.304207179223262,2020-05-01
2020,5,Veracruz-Boca del Río,Centros de Playa,Tradicionales,312201,19295,28795,41830,6.180313323788201,2020-05-01
2020,5,Xalapa,Ciudades,Interior,91571,6660,10012,12139,7.273044959648797,2020-05-01
2020,6,Coatzacoalcos,Ciudades,Interior,52780,5644,8029,8812,10.693444486547936,2020-06-01
2020,6,Veracruz-Boca del Río,Centros de Playa,Tradicionales,302130,31187,46266,70194,10.322377784397444,2020-06-01
2020,6,Xalapa,Ciudades,Interior,88620,9120,14011,16962,10.291130670277589,2020-06-01
2020,7,Coatzacoalcos,Ciudades,Interior,54643,7887,10552,11510,14.433687755064692,2020-07-01
2020,7,Veracruz-Boca del Río,Centros de Playa,Tradicionales,312201,44198,65371,102081,14.15690532701689,2020-07-01
2020,7,Xalapa,Ciudades,Interior,91574,11144,16788,21161,12.169393059165266,2020-07-01
2020,8,Coatzacoalcos,Ciudades,Interior,54653,8956,12547,13455,16.387023585164584,2020-08-01
2020,8,Veracruz-Boca del Río,Centros de Playa,Tradicionales,312201,48763,68155,111842,15.61910435905074,2020-08-01
2020,8,Xalapa,Ciudades,Interior,92114,14867,23143,28655,16.139783311982978,2020-08-01
2020,9,Coatzacoalcos,Ciudades,Interior,52698,8899,12488,13665,16.886788872442978,2020-09-01
2020,9,Veracruz-Boca del Río,Centros de Playa,Tradicionales,302130,62834,87647,145383,20.797007910502103,2020-09-01
2020,9,Xalapa,Ciudades,Interior,89700,14235,23751,27840,15.869565217391305,2020-09-01
2020,10,Coatzacoalcos,Ciudades,Interior,54653,10545,14078,16397,19.294457760781658,2020-10-01
2020,10,Veracruz-Boca del Río,Centros de Playa,Tradicionales,312201,70548,101450,167968,22.59698079122104,2020-10-01
2020,10,Xalapa,Ciudades,Interior,92690,20090,31861,37461,21.674398532743552,2020-10-01
2020,11,Coatzacoalcos,Ciudades,Interior,52890,9454,12413,14135,17.87483456229911,2020-11-01
2020,11,Veracruz-Boca del Río,Centros de Playa,Tradicionales,302130,79725,112040,186925,26.387647701320624,2020-11-01
2020,11,Xalapa,Ciudades,Interior,89570,20082,32300,39291,22.420453276766775,2020-11-01
2020,12,Coatzacoalcos,Ciudades,Interior,54653,9426,13768,15455,17.246994675498144,2020-12-01
2020,12,Veracruz-Boca del Río,Centros de Playa,Tradicionales,312201,88871,126847,214122,28.465956226917914,2020-12-01
2020,12,Xalapa,Ciudades,Interior,92535,21595,36377,41670,23.337115685956665,2020-12-01
2021,1,Coatzacoalcos,Ciudades,Interior,61934,9839,14565,15930,15.886266025123518,2021-01-01
2021,1,Veracruz-Boca del Río,Centros de Playa,Tradicionales,315518,72977,104259,169556,23.12926679301973,2021-01-01
2021,1,Xalapa,Ciudades,Interior,105251,20909,34769,39824,19.865844505040332,2021-01-01
2021,2,Coatzacoalcos,Ciudades,Interior,55944,8648,12394,13196,15.45831545831546,2021-02-01
2021,2,Veracruz-Boca del Río,Centros de Playa,Tradicionales,284984,64316,88553,147562,22.568284535272156,2021-02-01
2021,2,Xalapa,Ciudades,Interior,95060,23423,37284,44095,24.640227224910582,2021-02-01
2021,3,Coatzacoalcos,Ciudades,Interior,61916,12136,17804,19274,19.600749402416177,2021-03-01
2021,3,Veracruz-Boca del Río,Centros de Playa,Tradicionales,315518,104323,147100,244181,33.06404072033925,2021-03-01
2021,3,Xalapa,Ciudades,Interior,105245,24941,41001,47361,23.69803791153974,2021-03-01
2021,4,Coatzacoalcos,Ciudades,Interior,55171,14488,21134,23734,26.260172916930998,2021-04-01
2021,4,Veracruz-Boca del Río,Centros de Playa,Tradicionales,305340,112666,159221,267198,36.89853933320233,2021-04-01
2021,4,Xalapa,Ciudades,Interior,101847,26366,41090,48037,25.887851384920516,2021-04-01
2021,5,Coatzacoalcos,Ciudades,Interior,59753,15411,22237,24919,25.79117366492059,2021-05-01
2021,5,Veracruz-Boca del Río,Centros de Playa,Tradicionales,315518,129422,173647,301316,41.01889591085136,2021-05-01
2021,5,Xalapa,Ciudades,Interior,105245,28601,43773,53903,27.17563779752007,2021-05-01
2021,6,Coatzacoalcos,Ciudades,Interior,66567,16957,24927,26890,25.473583006594858,2021-06-01
2021,6,Veracruz-Boca del Río,Centros de Playa,Tradicionales,313320,137145,185973,318038,43.77154346993489,2021-06-01
2021,6,Xalapa,Ciudades,Interior,101850,29277,46397,57667,28.74521354933726,2021-06-01
2021,7,Coatzacoalcos,Ciudades,Interior,62899,17093,25894,27846,27.175312803065232,2021-07-01
2021,7,Veracruz-Boca del Río,Centros de Playa,Tradicionales,323764,156942,226953,376119,48.474197254790525,2021-07-01
2021,7,Xalapa,Ciudades,Interior,105245,28941,45722,59735,27.498693524632998,2021-07-01
2021,8,Coatzacoalcos,Ciudades,Interior,62577,16851,23495,25276,26.928424181408506,2021-08-01
2021,8,Veracruz-Boca del Río,Centros de Playa,Tradicionales,323764,94338,136645,226858,29.1378905622614,2021-08-01
2021,8,Xalapa,Ciudades,Interior,105245,27008,42770,55501,25.662026699605683,2021-08-01
2021,9,Coatzacoalcos,Ciudades,Interior,59820,16050,23055,24357,26.83049147442327,2021-09-01
2021,9,Veracruz-Boca del Río,Centros de Playa,Tradicionales,313320,92052,126459,207577,29.379548065875145,2021-09-01
2021,9,Xalapa,Ciudades,Interior,101850,28246,43259,56762,27.73294059891998,2021-09-01
2021,10,Coatzacoalcos,Ciudades,Interior,59766,19150,28211,30079,32.04162901984406,2021-10-01
2021,10,Veracruz-Boca del Río,Centros de Playa,Tradicionales,323764,121003,177101,285580,37.37382784991537,2021-10-01
2021,10,Xalapa,Ciudades,Interior,105245,35993,54844,71299,34.19924937051641,2021-10-01
2021,11,Coatzacoalcos,Ciudades,Interior,56970,20049,28133,30369,35.19220642443391,2021-11-01
2021,11,Veracruz-Boca del Río,Centros de Playa,Tradicionales,312131,140019,194631,322294,44.85904956572721,2021-11-01
2021,11,Xalapa,Ciudades,Interior,93456,36484,58143,75522,39.0386920047937,2021-11-01
2021,12,Coatzacoalcos,Ciudades,Interior,59702,21351,32154,35004,35.76262101772135,2021-12-01
2021,12,Veracruz-Boca del Río,Centros de Playa,Tradicionales,323010,163915,241261,388858,50.74610693167394,2021-12-01
2021,12,Xalapa,Ciudades,Interior,96637,38463,62953,78410,39.8015252956942,2021-12-01
2022,1,Coatzacoalcos,Ciudades,Interior,60326,18766,26760,29203,31.107648443457215,2022-01-01
2022,1,Veracruz-Boca del Río,Centros de Playa,Tradicionales,322894,100601,145740,241306,31.15604501786964,2022-01-01
2022,1,Xalapa,Ciudades,Interior,96658,24129,35643,58330,24.96327256926483,2022-01-01
2022,2,Coatzacoalcos,Ciudades,Interior,58261,16730,22500,24302,28.715607353117868,2022-02-01
2022,2,Veracruz-Boca del Río,Centros de Playa,Tradicionales,290402,96849,134603,225743,33.34997692853355,2022-02-01
2022,2,Xalapa,Ciudades,Interior,87304,25935,36884,58525,29.70654265554843,2022-02-01
2022,3,Coatzacoalcos,Ciudades,Interior,60326,21353,29929,32630,35.39601498524683,2022-03-01
2022,3,Veracruz-Boca del Río,Centros de Playa,Tradicionales,322198,145945,188814,341553,45.29668092291076,2022-03-01
2022,3,Xalapa,Ciudades,Interior,96632,39288,54038,87469,40.65733918370726,2022-03-01
2022,4,Coatzacoalcos,Ciudades,Interior,58380,22659,33429,36750,38.81294964028777,2022-04-01
2022,4,Veracruz-Boca del Río,Centros de Playa,Tradicionales,312881,181091,243261,433496,57.87855446639457,2022-04-01
2022,4,Xalapa,Ciudades,Interior,93485,36024,51392,85875,38.53452425522811,2022-04-01
2022,5,Coatzacoalcos,Ciudades,Interior,60308,24418,35619,38069,40.48882403661206,2022-05-01
2022,5,Veracruz-Boca del Río,Centros de Playa,Tradicionales,323640,160994,209194,387520,49.74477814856013,2022-05-01
2022,5,Xalapa,Ciudades,Interior,96676,41933,56483,89201,43.374777607679256,2022-05-01
2022,6,Coatzacoalcos,Ciudades,Interior,58430,24304,33523,36324,41.59507102515831,2022-06-01
2022,6,Veracruz-Boca del Río,Centros de Playa,Tradicionales,313200,148836,192959,354703,47.52107279693487,2022-06-01
2022,6,Xalapa,Ciudades,Interior,93540,47275,49314,79319,50.53987598888176,2022-06-01
2022,7,Coatzacoalcos,Ciudades,Interior,60311,24533,35283,37737,40.67748835204192,2022-07-01
2022,7,Veracruz-Boca del Río,Centros de Playa,Tradicionales,323640,176597,232655,438791,54.565875664318376,2022-07-01
2022,7,Xalapa,Ciudades,Interior,96658,72339,39491,102572,74.84015808313849,2022-07-01
2022,8,Coatzacoalcos,Ciudades,Interior,60316,25409,36900,39810,42.12646727236554,2022-08-01
2022,8,Veracruz-Boca del Río,Centros de Playa,Tradicionales,323640,168638,218670,406358,52.10666172290199,2022-08-01
2022,8,Xalapa,Ciudades,Interior,96658,59907,66809,107495,61.97831529723354,2022-08-01
2022,9,Coatzacoalcos,Ciudades,Interior,58380,22502,32062,33843,38.54402192531689,2022-09-01
2022,9,Veracruz-Boca del Río,Centros de Playa,Tradicionales,313320,134379,162698,316386,42.888739946380696,2022-09-01
2022,9,Xalapa,Ciudades,Interior,93605,36224,50383,82144,38.69878745793494,2022-09-01
2022,10,Coatzacoalcos,Ciudades,Interior,60326,24875,34103,36400,41.23429367105394,2022-10-01
2022,10,Veracruz-Boca del Río,Centros de Playa,Tradicionales,324291,161217,200011,360950,49.71368308093657,2022-10-01
2022,10,Xalapa,Ciudades,Interior,98797,41422,54400,86677,41.92637428261992,2022-10-01
2022,11,Coatzacoalcos,Ciudades,Interior,58380,24713,34754,36851,42.33127783487496,2022-11-01
2022,11,Veracruz-Boca del Río,Centros de Playa,Tradicionales,313320,139735,177329,332695,44.59817439039959,2022-11-01
2022,11,Xalapa,Ciudades,Interior,93630,45315,64551,101021,48.397949375200255,2022-11-01
2022,12,Coatzacoalcos,Ciudades,Interior,60320,24246,37252,39266,40.19562334217507,2022-12-01
2022,12,Veracruz-Boca del Río,Centros de Playa,Tradicionales,324291,159410,217591,392525,49.15646749370165,2022-12-01
2022,12,Xalapa,Ciudades,Interior,98797,43408,68186,102496,43.93655677803982,2022-12-01
2023,1,Coatzacoalcos,Ciudades,Interior,60326,21757,31414,33141,36.06570964426616,2023-01-01
2023,1,Veracruz-Boca del Río,Centros de Playa,Tradicionales,324291,135823,184780,338376,41.88306181793513,2023-01-01
2023,1,Xalapa,Ciudades,Interior,98239,35529,51365,78548,36.165881167357156,2023-01-01
2023,2,Coatzacoalcos,Ciudades,Interior,54488,21833,30603,32115,40.069373072970194,2023-02-01
2023,2,Veracruz-Boca del Río,Centros de Playa,Tradicionales,292432,123497,157903,302957,42.23101438967008,2023-02-01
2023,2,Xalapa,Ciudades,Interior,89236,38292,58127,86558,42.910932807387155,2023-02-01
2023,3,Coatzacoalcos,Ciudades,Interior,60319,25930,35608,38062,42.9881131981631,2023-03-01
2023,3,Veracruz-Boca del Río,Centros de Playa,Tradicionales,323764,146891,187059,355763,45.369775515498944,2023-03-01
2023,3,Xalapa,Ciudades,Interior,98759,46017,63208,92364,46.59524701546188,2023-03-01
2023,4,Coatzacoalcos,Ciudades,Interior,58380,28909,41837,44432,49.51867077766358,2023-04-01
2023,4,Veracruz-Boca del Río,Centros de Playa,Tradicionales,313200,186016,252804,466781,59.392081736909326,2023-04-01
2023,4,Xalapa,Ciudades,Interior,93090,47899,67612,106141,51.45450639166398,2023-04-01
2023,5,Coatzacoalcos,Ciudades,Interior,60426,27399,37344,39179,45.34306424386853,2023-05-01
2023,5,Veracruz-Boca del Río,Centros de Playa,Tradicionales,323640,163959,206389,391267,50.660919540229884,2023-05-01
2023,5,Xalapa,Ciudades,Interior,96281,42698,58596,89229,44.34727516332402,2023-05-01
2023,6,Coatzacoalcos,Ciudades,Interior,58380,27740,38290,40123,47.51627269612881,2023-06-01
2023,6,Veracruz-Boca del Río,Centros de Playa,Tradicionales,312540,170067,197065,404336,54.414474947206756,2023-06-01
2023,6,Xalapa,Ciudades,Interior,93844,48183,68242,106214,51.343719364050976,2023-06-01
2023,7,Coatzacoalcos,Ciudades,Interior,60326,28151,39399,41411,46.66478798527998,2023-07-01
2023,7,Veracruz-Boca del Río,Centros de Playa,Tradicionales,322958,207275,264981,497899,64.18017203475374,2023-07-01
2023,7,Xalapa,Ciudades,Interior,97060,52233,68079,118642,53.81516587677725,2023-07-01
2023,8,Coatzacoalcos,Ciudades,Interior,60326,30754,43080,45331,50.97967708782283,2023-08-01
2023,8,Veracruz-Boca del Río,Centros de Playa,Tradicionales,274908,185991,237934,420163,67.65572482430485,2023-08-01
2023,8,Xalapa,Ciudades,Interior,97123,49534,69359,94867,51.00130762023414,2023-08-01
2023,9,Coatzacoalcos,Ciudades,Interior,58370,27461,36498,38536,47.04642795956827,2023-09-01
2023,9,Veracruz-Boca del Río,Centros de Playa,Tradicionales,312540,164070,178529,331792,52.49568055288923,2023-09-01
2023,9,Xalapa,Ciudades,Interior,93900,41585,58696,80064,44.28647497337593,2023-09-01
2023,10,Coatzacoalcos,Ciudades,Interior,60326,26570,35396,37381,44.04402745085038,2023-10-01
2023,10,Veracruz-Boca del Río,Centros de Playa,Tradicionales,323764,156074,168251,308888,48.206100740045216,2023-10-01
2023,10,Xalapa,Ciudades,Interior,97061,53794,71129,99535,55.42287839606021,2023-10-01
2023,11,Coatzacoalcos,Ciudades,Interior,58380,26195,35095,37636,44.86981843096951,2023-11-01
2023,11,Veracruz-Boca del Río,Centros de Playa,Tradicionales,313320,163938,181909,335082,52.322864802757564,2023-11-01
2023,11,Xalapa,Ciudades,Interior,93930,50047,72131,98423,53.28116682636006,2023-11-01
2023,12,Coatzacoalcos,Ciudades,Interior,60326,28775,41568,43519,47.699167854656366,2023-12-01
2023,12,Veracruz-Boca del Río,Centros de Playa,Tradicionales,323764,166264,214557,375763,51.353454985730345,2023-12-01
2023,12,Xalapa,Ciudades,Interior,97061,54614,81337,107707,56.267707936246275,2023-12-01
2024,1,Coatzacoalcos,Ciudades,Interior,60157,25737,34705,36292,42.78305101650681,2024-01-01
2024,1,Veracruz-Boca del Río,Centros de Playa,Tradicionales,323764,143729,192786,328295,44.39313821178389,2024-01-01
2024,1,Xalapa,Ciudades,Interior,97061,38452,57430,76626,39.61632375516428,2024-01-01
2024,2,Coatzacoalcos,Ciudades,Interior,56430,25083,34237,35705,44.44976076555024,2024-02-01
2024,2,Veracruz-Boca del Río,Centros de Playa,Tradicionales,302876,149420,165601,305107,49.33372073059602,2024-02-01
2024,2,Xalapa,Ciudades,Interior,90799,39786,49900,73072,43.81766319012324,2024-02-01
2024,3,Coatzacoalcos,Ciudades,Interior,60295,30842,44286,46839,51.15183680238826,2024-03-01
2024,3,Veracruz-Boca del Río,Centros de Playa,Tradicionales,323764,190898,250262,426505,58.962083492914594,2024-03-01
2024,3,Xalapa,Ciudades,Interior,97035,46191,65584,85086,47.602411501004795,2024-03-01
2024,4,Coatzacoalcos,Ciudades,Interior,58330,29863,42004,44535,51.19663980798903,2024-04-01
2024,4,Veracruz-Boca del Río,Centros de Playa,Tradicionales,313320,168969,213642,359774,53.92857142857143,2024-04-01
2024,4,Xalapa,Ciudades,Interior,93930,48101,63716,88904,51.20941126370702,2024-04-01
2024,5,Coatzacoalcos,Ciudades,Interior,60194,29518,41211,43271,49.03811011064226,2024-05-01
2024,5,Veracruz-Boca del Río,Centros de Playa,Tradicionales,323764,177783,208411,369803,54.91129341125017,2024-05-01
2024,5,Xalapa,Ciudades,Interior,97060,45654,60561,81019,47.036884401401196,2024-05-01
2024,6,Coatzacoalcos,Ciudades,Interior,58348,28422,38662,40670,48.71118118872969,2024-06-01
2024,6,Veracruz-Boca del Río,Centros de Playa,Tradicionales,316560,173585,210987,370333,54.834786454384634,2024-06-01
2024,6,Xalapa,Ciudades,Interior,93930,49013,57771,84937,52.180347066964764,2024-06-01
2024,7,Coatzacoalcos,Ciudades,Interior,60294,29813,41250,43811,49.446047699605266,2024-07-01
2024,7,Veracruz-Boca del Río,Centros de Playa,Tradicionales,327112,210279,265987,451158,64.28348700139402,2024-07-01
2024,7,Xalapa,Ciudades,Interior,99076,50786,54121,90120,51.25963906496023,2024-07-01
2024,8,Coatzacoalcos,Ciudades,Interior,60219,31591,43791,46420,52.46018698417443,2024-08-01
2024,8,Veracruz-Boca del Río,Centros de Playa,Tradicionales,327112,202157,258753,450061,61.800545378952776,2024-08-01
2024,8,Xalapa,Ciudades,Interior,99076,50126,65074,91030,50.59348379022165,2024-08-01
2024,9,Coatzacoalcos,Ciudades,Interior,58350,30104,39668,42856,51.59211653813196,2024-09-01
2024,9,Veracruz-Boca del Río,Centros de Playa,Tradicionales,316560,147989,174320,297233,46.74911549153399,2024-09-01
2024,9,Xalapa,Ciudades,Interior,95878,49379,61296,88109,51.50190867560858,2024-09-01
2024,10,Coatzacoalcos,Ciudades,Interior,60293,28030,36799,38979,46.48964224702702,2024-10-01
2024,10,Veracruz-Boca del Río,Centros de Playa,Tradicionales,327112,156005,196415,317130,47.691616327129545,2024-10-01
2024,10,Xalapa,Ciudades,Interior,99076,53732,67422,94336,54.23311397311155,2024-10-01
2024,11,Coatzacoalcos,Ciudades,Interior,58320,27143,36208,38376,46.54149519890261,2024-11-01
2024,11,Veracruz-Boca del Río,Centros de Playa,Tradicionales,316560,132628,152254,264409,41.89663886782916,2024-11-01
2024,11,Xalapa,Ciudades,Interior,95880,53675,65765,94716,55.981435127242385,2024-11-01
2024,12,Coatzacoalcos,Ciudades,Interior,60215,27042,40529,42532,44.90907581167483,2024-12-01
2024,12,Veracruz-Boca del Río,Centros de Playa,Tradicionales,327112,152083,192145,338490,46.492638606960305,2024-12-01
2024,12,Xalapa,Ciudades,Interior,99076,49491,70546,93850,49.95256166982922,2024-12-01
