clave_municipio,municipio,alojamiento_n,alimentos_bebidas_n,sector_recreacion_total_n,recreacion_turistica_proxy_n,agencias_tours_eventos_n,transporte_turistico_n,pib_turistico_2022,participacion_turismo_pct,pib_municipal_2022
30001,Acajete,0,39,4,3,0,0,887227.282082128,0.006451695767772009,137518462.4349573
30002,Acatlán,0,24,5,0,0,0,,,41826985.54301286
30003,Acayucan,32,583,41,9,40,2,869672875.7611876,0.12080752848955069,7198830127.845967
30004,Actopan,6,124,11,3,0,1,156307315.2128738,0.40462816440169674,386298653.83690614
30005,Acula,0,31,4,2,0,0,,,39843048.792391255
30006,Acultzingo,0,69,5,1,0,0,,,124333803.01709938
30007,Camarón de Tejeda,0,28,1,0,0,0,787999.0661056372,0.025101059060946875,31393060.51558734
30008,Alpatláhuac,1,18,2,0,0,0,787999.0661056372,0.029153171938735675,27029616.803330645
30009,Alto Lucero de Gutiérrez Barrios,13,121,10,0,0,0,346040023.4716478,0.011237649025211256,30792919648.524315
30010,Altotonga,10,295,18,2,1,0,18681168.814188894,0.014606315025113791,1278978906.1833107
30011,Alvarado,13,379,37,3,0,4,163474640.52611774,0.07354224188796574,2222867243.7693024
30012,Amatitlán,0,15,3,2,0,0,2518515.870908101,0.044091403138575444,57120338.47035044
30013,Naranjos Amatlán,6,248,23,5,1,2,83969886.69774768,0.04144020872145657,2026290148.8300285
30014,Amatlán de los Reyes,2,289,14,3,0,0,3696780.342008858,0.001383709575770226,2671644691.011904
30015,Angel R. Cabada,10,153,7,3,1,0,43122371.23010387,0.06115008183896215,705189100.8693334
30016,La Antigua,11,327,28,3,4,3,321122920.80236006,0.05749108305548129,5585612650.442905
30017,Apazapan,2,8,1,1,0,0,23100797.746452082,0.003311073598597693,6976830039.729633
30018,Aquila,0,3,0,0,0,0,,,2571206.371587797
30019,Astacinga,0,21,1,1,0,0,,,59399431.455343656
30020,Atlahuilco,1,18,0,0,0,0,,,40028662.5067899
30021,Atoyac,7,319,12,3,0,0,2661681.8462463776,0.001645241577253139,1617806091.8508186
30022,Atzacan,0,133,8,1,0,0,,,253870875.73291492
30023,Atzalan,4,88,10,3,0,0,1478712.136803542,0.009695800779735949,152510573.4323692
30024,Tlaltetela,1,31,5,0,0,0,4254481.077548257,0.011596600894166233,366873113.6283658
30025,Ayahualulco,1,43,6,0,0,0,,,72772747.43537723
30026,Banderilla,9,191,29,5,0,1,52985277.603860654,0.015161312635090579,3494768486.0232487
30027,Benito Juárez,2,29,1,0,0,0,,,66178896.302559756
30028,Boca del Río,80,1630,160,12,18,4,13309403140.827042,0.1956722532286187,68018857662.34142
30029,Calcahualco,0,10,2,0,0,0,,,17946716.188905116
30030,Camerino Z. Mendoza,11,435,30,3,3,1,22336140.708105206,0.019727061769238233,1132258872.0706239
30031,Carrillo Puerto,0,16,1,0,0,0,,,52270039.11376944
30032,Catemaco,40,287,34,2,4,20,1051810875.8958082,0.7057935176318706,1490252955.8856251
30033,Cazones de Herrera,2,71,3,0,0,0,40143773.47429123,0.1788106695743172,224504351.83682755
30034,Cerro Azul,7,173,16,2,2,2,177856542.90023118,0.22854350473313156,778217447.5179807
30035,Citlaltépetl,2,57,3,1,2,0,1774454.5641642492,0.015079147649713603,117676052.08096436
30036,Coacoatzintla,0,88,7,0,0,0,,,153274328.22440296
30037,Coahuitlán,1,22,1,0,0,0,,,29412166.612742778
30038,Coatepec,29,723,72,9,3,1,606769279.7472312,0.045214710601993335,13419731580.02434
30039,Coatzacoalcos,84,2434,206,14,34,6,5069870160.575582,0.7341284783532286,6905971243.546004
30040,Coatzintla,1,227,14,2,0,0,3696780.342008858,0.0014365115280825138,2573442864.703912
30041,Coetzala,0,7,0,0,0,0,,,24720095.34056718
30042,Colipa,1,39,3,0,0,0,,,39928248.530148014
30043,Comapa,1,44,7,0,0,0,,,164386808.30610552
30044,Córdoba,80,2371,202,23,11,10,2291385198.3258405,0.06094399347735926,37598212187.671814
30045,Cosamaloapan de Carpio,20,688,34,5,3,0,266691017.9074449,0.06917161198960695,3855498089.9897966
30046,Cosautlán de Carvajal,1,55,1,1,0,0,,,159685608.49059883
30047,Coscomatepec,4,267,39,3,1,0,95696457.24043222,0.053293268430503846,1795657501.5702689
30048,Cosoleacaque,8,837,24,3,7,0,57143527.300914854,0.0025115792784233476,22752030083.95056
30049,Cotaxtla,2,74,6,0,0,0,2809553.05992673,0.011916551226387422,235768974.3073814
30050,Coxquihui,3,36,2,0,0,0,,,54920359.527559936
30051,Coyutla,7,109,3,0,0,1,2957424.273607084,0.005653167419484493,523144646.91314036
30052,Cuichapa,0,91,7,2,0,0,,,2469934311.872785
30053,Cuitláhuac,4,294,21,2,0,0,10147066.345973037,0.0038526146246355016,2633812964.600127
30054,Chacaltianguis,2,67,6,2,0,0,4288265.196730272,0.05630866907285129,76156394.16343121
30055,Chalma,1,14,0,0,0,0,1478712.136803542,0.027310510895871953,54144433.34441806
30056,Chiconamel,1,3,1,1,0,0,,,15582423.466155158
30057,Chiconquiaco,3,22,1,0,0,0,,,40917174.057681784
30058,Chicontepec,7,111,5,0,0,0,15378975.778548859,0.042382717415497054,362859597.4104672
30059,Chinameca,0,113,2,0,0,0,,,6166945675.3961315
30060,Chinampa de Gorostiza,2,97,4,3,0,0,3548909.1283284985,0.004580957400293592,774709044.0310688
30061,Las Choapas,22,456,13,2,2,0,178367996.479851,0.05041980469820192,3537657425.440444
30062,Chocamán,2,104,20,3,0,0,2070196.991524956,0.013484530923883195,153523841.7421192
30063,Chontla,3,40,2,1,0,0,1478712.136803542,0.022599787512493398,65430355.74941112
30064,Chumatlán,0,8,1,0,0,0,,,6313909.137330982
30065,Emiliano Zapata,12,523,34,5,0,1,255952566.2365979,0.06407031739988982,3994869646.7209644
30066,Espinal,7,129,5,1,0,0,48219044.95392198,0.17822884725967528,270545681.55102277
30067,Filomeno Mata,1,64,1,0,0,0,,,119288761.40278864
30068,Fortín,12,546,36,10,2,0,1170022925.032128,0.23636893177947899,4949986092.604184
30069,Gutiérrez Zamora,8,144,13,5,0,0,264777791.37126878,0.3220052451115511,822277883.3293314
30070,Hidalgotitlán,2,65,1,0,0,0,,,92386944.20609312
30071,Huatusco,15,520,39,4,1,1,430696955.0023987,0.17069210201216486,2523238919.230744
30072,Huayacocotla,7,69,6,1,0,0,109498386.43922023,0.2817331692656248,388659903.71187896
30073,Hueyapan de Ocampo,2,142,7,0,2,0,787999.0661056372,0.0013880974594736844,567682809.8254842
30074,Huiloapan de Cuauhtémoc,1,54,2,1,0,0,5323363.692492755,0.0011224004552379606,4742838144.487518
30075,Ignacio de la Llave,5,83,6,2,0,0,4584007.624090979,0.024448797684630312,187494194.32484838
30076,Ilamatlán,0,5,0,0,0,0,,,4874642.13879722
30077,Isla,11,323,20,2,1,0,173612051.52688718,0.06745728855587516,2573658906.896081
30078,Ixcatepec,0,30,1,1,0,0,,,113869449.5119036
30079,Ixhuacán de los Reyes,1,17,5,1,0,0,1774454.5641642492,0.013193571879126113,134493871.74459246
30080,Ixhuatlán del Café,2,91,4,0,0,0,7413982.765415724,0.02533800248763147,292603285.0866913
30081,Ixhuatlancillo,0,126,11,1,0,0,,,203983386.42855757
30082,Ixhuatlán del Sureste,0,99,6,1,0,0,,,1491260138.4998207
30083,Ixhuatlán de Madero,4,67,3,2,0,0,,,254162989.11950952
30084,Ixmatlahuacan,0,34,1,1,0,0,,,37627855.61071561
30085,Ixtaczoquitlán,7,583,32,6,0,0,21470935.393219605,0.00039324680341853746,54599135216.28254
30086,Jalacingo,3,155,18,0,0,0,75734587.6978486,0.059681175454034924,1268986194.083554
30087,Xalapa,123,4057,417,35,51,8,8089549933.091869,0.1572107104081856,51456735435.44184
30088,Jalcomulco,14,75,13,11,7,0,56702265.93665224,0.8856330425225574,64024560.07642467
30089,Jáltipan,15,328,15,6,6,4,26887768.343125053,0.014838320352869784,1812049322.5451128
30090,Jamapa,1,66,5,2,0,0,2218068.205205316,0.01656692832549362,133885302.18918706
30091,Jesús Carranza,6,135,3,0,1,0,6506333.401935588,0.00488055212998681,1333114210.9843976
30092,Xico,15,265,37,11,0,1,291676706.9282617,0.21385606421891948,1363892616.2490256
30093,Jilotepec,0,43,6,1,0,0,857070.3731754277,0.009398304530754907,91194147.87749855
30094,Juan Rodríguez Clara,4,282,12,1,2,0,10203113.743944446,0.010698912903480762,953658921.7980255
30095,Juchique de Ferrer,4,82,7,0,0,0,1478712.136803542,0.010899457921346285,135668410.98652488
30096,Landero y Coss,0,3,1,0,0,0,,,10339596.746337673
30097,Lerdo de Tejada,14,186,16,4,3,0,46780365.56211742,0.03960675380790888,1181120921.674123
30098,Magdalena,0,18,0,0,0,0,,,8145703.499101222
30099,Maltrata,1,118,5,0,0,0,887227.282082128,0.005974468046239821,148503142.91002467
30100,Manlio Fabio Altamirano,2,85,4,1,0,0,30669668.698963616,0.0305892962080116,1002627471.0737205
30101,Mariano Escobedo,0,156,4,1,0,0,,,122882364.62745748
30102,Martínez de la Torre,37,816,51,1,1,0,589462369.7375858,0.05742070188075487,10265676845.290358
30103,Mecatlán,1,28,1,0,0,0,,,34609350.61590485
30104,Mecayapan,0,57,2,1,0,0,787999.0661056372,0.0073631010301608985,107019999.16581586
30105,Medellín de Bravo,4,404,23,4,0,0,2365939.4188856697,8.11151304841053e-05,29167670751.010883
30106,Miahuatlán,0,11,4,0,0,0,,,105620289.18838345
30107,Las Minas,1,5,0,0,0,0,,,1722251.8417972699
30108,Minatitlán,34,1289,84,10,18,2,1121111146.3977852,0.02123882629733247,52785927560.34702
30109,Misantla,17,375,31,3,0,0,285431531.93742144,0.2162171448705975,1320115165.2809384
30110,Mixtla de Altamirano,0,5,0,0,0,0,,,18092772.882202417
30111,Moloacán,3,70,5,0,0,0,1774454.5641642492,0.006210062052684886,285738620.50171846
30112,Naolinco,5,109,20,1,2,0,43537363.73187036,0.06866414807957422,634062534.0813277
30113,Naranjal,0,18,0,0,0,0,,,46519056.81518846
30114,Nautla,6,44,4,1,0,0,71416805.01091146,0.6148103142665532,116160713.8880049
30115,Nogales,5,271,15,6,0,0,188704661.19042256,0.1292987274339498,1459447164.9910038
30116,Oluta,0,187,8,2,0,0,4140393.983049919,0.010041599976880786,412324130.87381774
30117,Omealca,1,97,7,2,1,0,,,328116361.4923731
30118,Orizaba,69,2112,158,42,17,3,2028622266.7574801,0.04340558158963247,46736437860.37926
30119,Otatitlán,5,124,5,1,0,0,,,70387154.77818808
30120,Oteapan,4,115,7,1,1,0,3844651.555689211,0.010658167158374489,360723518.2709943
30121,Ozuluama de Mascareñas,5,52,6,4,0,0,7709725.192776458,0.014194988646057389,543130071.1126535
30122,Pajapan,3,135,5,2,0,0,887227.282082128,0.002634875326706683,336724577.85358244
30123,Pánuco,16,326,21,2,0,2,88353083.00279787,0.005048457405532768,17501005932.221764
30124,Papantla,29,559,35,5,2,0,485340729.72662777,0.12504999126632924,3881173639.532351
30125,Paso del Macho,7,236,16,1,0,0,23039776.816505034,0.0059299312344273545,3885336255.2913237
30126,Paso de Ovejas,3,115,14,4,0,0,27685333.87459509,0.10534444692507407,262807719.65404314
30127,La Perla,0,39,1,1,0,0,280221.9323553559,0.0012334851100347245,227179015.03283423
30128,Perote,20,587,65,5,1,0,312273035.6347497,0.025755763734248826,12124394324.191732
30129,Platón Sánchez,6,96,10,2,0,1,7526153.111940602,0.03308220778226978,227498514.0494221
30130,Playa Vicente,8,360,15,2,2,0,85357188.72117023,0.06971057523842444,1224451074.0189874
30131,Poza Rica de Hidalgo,80,1332,137,8,4,4,5965859220.61904,0.07420195260767533,80400299600.7674
30132,Las Vigas de Ramírez,2,106,15,0,0,0,5408314.853779433,0.0132315876625524,408742699.04025704
30133,Pueblo Viejo,2,299,18,5,0,0,58349686.51549284,0.04296423534013677,1358099034.0815663
30134,Puente Nacional,5,58,4,1,0,0,190701063.07855913,0.22755938902968023,838027663.423223
30135,Rafael Delgado,2,137,9,3,1,0,787999.0661056372,0.002539919245302415,310245716.49789375
30136,Rafael Lucio,0,35,7,2,0,0,,,527362033.93209976
30137,Los Reyes,0,2,0,0,0,0,1478712.136803542,0.13439248641624602,11002937.561729554
30138,Río Blanco,7,386,18,2,1,0,32166895.822034452,0.009147939248014436,3516299676.8934913
30139,Saltabarranca,0,20,4,1,0,0,,,190753084.29404426
30140,San Andrés Tenejapan,0,10,1,1,0,0,,,20852635.815965883
30141,San Andrés Tuxtla,28,834,63,11,8,9,673960106.7884575,0.09591418114036936,7026699271.947329
30142,San Juan Evangelista,3,125,4,1,0,0,3548909.1283284985,0.006224180048001689,570180987.8504233
30143,Santiago Tuxtla,8,206,9,4,0,0,325338034.49579614,0.4574522069742015,711195682.3811846
30144,Sayula de Alemán,2,179,6,2,1,0,2070196.991524956,0.0032449158339149064,637981722.0181385
30145,Soconusco,0,58,4,1,0,0,2513810.632566023,0.0121870757729679,206268565.1091048
30146,Sochiapa,0,4,2,1,0,0,,,23280828.342033412
30147,Soledad Atzompa,0,30,0,0,0,0,,,46479499.794087104
30148,Soledad de Doblado,4,197,17,3,0,1,17104673.251853213,0.02538301358472207,673862983.0048409
30149,Soteapan,2,90,1,0,0,0,,,138324817.09586942
30150,Tamalín,0,69,3,1,0,0,,,269483727.67684036
30151,Tamiahua,24,75,5,0,1,28,30081494.10869844,0.05089065350775097,591100566.3174838
30152,Tampico Alto,3,51,2,2,0,0,14464336.701975845,0.054937216297591185,263288489.60281336
30153,Tancoco,1,2,1,1,0,0,3253166.700967797,0.2252199511140766,14444398.397547068
30154,Tantima,1,4,2,1,0,0,,,21519019.479134794
30155,Tantoyuca,8,315,16,5,3,1,35340336.448921405,0.012304813895657721,2872074031.2368927
30156,Tatatila,0,2,3,1,0,0,,,20648765.014905073
30157,Castillo de Teayo,1,50,3,1,0,0,5027621.265132046,0.04874255074033559,103146453.94566053
30158,Tecolutla,248,271,6,4,1,4,465745227.9133485,0.7491448692798324,621702486.4110442
30159,Tehuipango,2,23,2,0,0,0,,,223411969.4848748
30160,Álamo Temapache,19,565,32,2,0,1,163275944.74581668,0.03584614996547121,4554908822.930556
30161,Tempoal,6,115,9,2,0,1,145219050.71438396,0.20711785521701623,701142113.3258876
30162,Tenampa,0,4,0,0,0,0,1922325.7778446022,0.1073313286010004,17910202.015580796
30163,Tenochtitlán,0,13,2,2,0,0,,,14060999.57764167
30164,Teocelo,7,139,12,4,0,0,43334335.92747566,0.20809771013116077,208240330.46861833
30165,Tepatlaxco,0,19,2,2,0,0,,,26144148.1002158
30166,Tepetlán,0,9,3,3,0,0,,,17021690.464688923
30167,Tepetzintla,1,88,7,2,0,0,,,74464570.79940423
30168,Tequila,0,49,0,0,0,0,443613.6410410626,0.009951465478794788,44577719.93344524
30169,José Azueta,3,108,5,0,0,0,14570647.584911956,0.052155955941793224,279366897.256624
30170,Texcatepec,1,5,0,0,0,0,,,11794077.98375657
30171,Texhuacán,0,15,0,0,0,0,,,22766587.067715857
30172,Texistepec,1,60,3,0,1,0,1922325.7778446022,0.014924455472371567,128803746.40155199
30173,Tezonapa,6,232,12,4,1,0,87346648.57199748,0.02584144860222908,3380098767.545987
30174,Tierra Blanca,23,894,58,10,1,2,370779861.95781595,0.03371578091977065,10997220050.756521
30175,Tihuatlán,8,343,19,5,0,0,438114892.8172375,0.09876593116579326,4435890874.979923
30176,Tlacojalpan,1,57,2,1,0,1,2070196.991524956,0.03205411181312616,64584444.06739763
30177,Tlacolulan,1,15,3,0,0,0,,,41687014.5452696
30178,Tlacotalpan,12,110,17,9,1,0,248532645.2810078,0.8704854157978323,285510406.9184414
30179,Tlacotepec de Mejía,1,21,0,0,0,0,,,51594526.90726945
30180,Tlachichilco,2,22,1,1,0,0,,,56496554.67605992
30181,Tlalixcoyan,13,196,13,2,0,0,11086362.29286783,0.00905648948343417,1224134617.8501763
30182,Tlalnelhuayocan,1,45,6,0,0,0,,,66562295.122465156
30183,Tlapacoyan,24,579,38,5,0,1,279923146.3202547,0.20782421726155603,1346922654.196546
30184,Tlaquilpa,0,17,0,0,0,0,,,24233239.69624286
30185,Tlilapan,0,32,5,3,0,0,,,80224681.6413163
30186,Tomatlán,0,65,8,1,0,0,,,155264350.67057863
30187,Tonayán,0,11,3,1,0,0,,,15059053.648506518
30188,Totutla,1,45,6,1,0,0,1478712.136803542,0.0026790922971985684,551945201.1227007
30189,Tuxpan,67,804,57,5,2,4,4185000227.5222163,0.22092038418261065,18943477049.464733
30190,Tuxtilla,0,32,1,0,0,0,,,18476171.702107813
30191,Ursulo Galván,53,341,25,6,1,0,547306938.6016525,0.1367416492938604,4002488937.55464
30192,Vega de Alatorre,11,169,8,2,0,0,159044440.13924155,0.30576978324381654,520144399.00499177
30193,Veracruz,200,5325,409,31,26,9,12272967698.192837,0.06722547135327445,182564249102.80737
30194,Villa Aldama,1,66,10,1,0,0,,,185908870.63301736
30195,Xoxocotla,0,13,0,0,0,0,,,44160849.78799253
30196,Yanga,1,97,11,3,0,0,6354164.877359349,0.01998669257228818,317919778.5915557
30197,Yecuatla,2,29,3,0,0,0,,,54473060.904336974
30198,Zacualpan,1,6,1,1,0,0,,,314104047.479164
30199,Zaragoza,0,94,8,0,0,0,,,201774278.942436
30200,Zentla,0,14,4,2,0,0,,,28289355.783019822
30201,Zongolica,4,135,6,1,0,0,20115820.748934746,0.054276746590716976,370615816.394109
30202,Zontecomatlán de López y Fuentes,1,22,2,0,0,0,,,16866505.228060544
30203,Zozocolco de Hidalgo,3,40,4,0,0,0,18016489.74672478,0.3610983928643475,49893574.99991137
30204,Agua Dulce,9,277,19,4,1,1,24865126.856860697,0.0003876498492497296,64143264611.05425
30205,El Higo,2,108,3,1,0,0,96725145.66258319,0.03969667055559852,2436606000.171009
30206,Nanchital de Lázaro Cárdenas del Río,7,200,13,3,0,0,12178226.601832671,0.0075090741504552,1621801350.9820552
30207,Tres Valles,8,528,25,7,1,0,135771770.57529098,0.031082401193505697,4368123612.137755
30208,Carlos A. Carrillo,2,184,17,4,2,0,1478712.136803542,0.000834078335289067,1772869614.5681136
30209,Tatahuicapan de Juárez,2,86,1,0,0,0,,,160476748.91262582
30210,Uxpanapa,10,60,0,0,0,0,74988554.18176337,0.3361734277514776,223065084.83829373
30211,San Rafael,6,185,12,3,0,0,79697564.8372535,0.017037690233049903,4677721202.059142
30212,Santiago Sochiapan,0,24,0,0,0,0,,,51107671.26294513
