producto,municipios,n_municipios,source_snapshot,curation_version,source_card_index,source_producto,source_match_score
Al sabor de Boka,Boca del Río|Alvarado|Veracruz,3,data/raw/veracruz_productos_2026-10-06.html,2026-10-06-v1,2,Al sabor de Boka,1.0
Aventura Costas Tuxtlas,San Andrés Tuxtla,1,data/raw/veracruz_productos_2026-10-06.html,2026-10-06-v1,23,Aventura en las Costas de los Tuxtlas,1.0
Aventura Dunas Playas Chachalacas,Ursulo Galván,1,data/raw/veracruz_productos_2026-10-06.html,2026-10-06-v1,20,Aventura en Dunas y Playas de Chachalacas,1.0
Aventura en Ríos,Boca del Río|Jalcomulco|La Antigua|Veracruz,4,data/raw/veracruz_productos_2026-10-06.html,2026-10-06-v1,7,Aventura en Ríos,1.0
Avistamiento Aves Catemaco,Catemaco,1,data/raw/veracruz_productos_2026-10-06.html,2026-10-06-v1,35,Avistamiento de Aves,0.790698
Avistamiento Aves Veracruz,Veracruz,1,data/raw/veracruz_productos_2026-10-06.html,2026-10-06-v1,111,Avistamiento de Aves,0.790698
Buceo Roca Partida,San Andrés Tuxtla,1,data/raw/veracruz_productos_2026-10-06.html,2026-10-06-v1,24,Buceo en Roca Partida,1.0
Cata Cerveza Vainilla,Papantla,1,data/raw/veracruz_productos_2026-10-06.html,2026-10-06-v1,175,Cata de Cerveza de Vainilla,1.0
Catemaco Los Tuxtlas 2,Catemaco|San Andrés Tuxtla|Veracruz,3,data/raw/veracruz_productos_2026-10-06.html,2026-10-06-v1,53,Catemaco y Los Tuxtlas,1.0
Catemaco y Los Tuxtlas,Catemaco|San Andrés Tuxtla|Santiago Tuxtla,3,data/raw/veracruz_productos_2026-10-06.html,2026-10-06-v1,12,Catemaco y Los Tuxtlas,1.0
Cañón Río Oro,San Andrés Tuxtla,1,data/raw/veracruz_productos_2026-10-06.html,2026-10-06-v1,25,Cañón del Río Oro,1.0
Cempoala La Antigua San Juan de Ulúa,La Antigua|Ursulo Galván|Veracruz,3,data/raw/veracruz_productos_2026-10-06.html,2026-10-06-v1,17,"Cempoala, La Antigua y San Juan de Ulúa",1.0
Cena Romántica,Catemaco,1,data/raw/veracruz_productos_2026-10-06.html,2026-10-06-v1,29,Cena Romántica,1.0
City Tour San Juan de Ulúa y La Antigua,Boca del Río|La Antigua|Veracruz,3,data/raw/veracruz_productos_2026-10-06.html,2026-10-06-v1,18,City Tour con San Juan de Ulúa y La Antigua,1.0
City Tours San Juan de Ulúa,Boca del Río|Veracruz,2,data/raw/veracruz_productos_2026-10-06.html,2026-10-06-v1,19,City Tours con San Juan de Ulúa,1.0
Clase Sandboard,Ursulo Galván,1,data/raw/veracruz_productos_2026-10-06.html,2026-10-06-v1,243,Clase de Sandboard,1.0
Conquista Veracruz,Catemaco|San Andrés Tuxtla|Veracruz,3,data/raw/veracruz_productos_2026-10-06.html,2026-10-06-v1,56,Conquista Veracruz,1.0
Descenso en Ríos,Actopan|Jalcomulco|La Antigua|Tlapacoyan|Veracruz,5,data/raw/veracruz_productos_2026-10-06.html,2026-10-06-v1,54,Descenso en Ríos,1.0
Descubre Los Tuxtlas,Catemaco|San Andrés Tuxtla|Santiago Tuxtla,3,data/raw/veracruz_productos_2026-10-06.html,2026-10-06-v1,3,Descubre Los Tuxtlas,1.0
El Tajín,Papantla,1,data/raw/veracruz_productos_2026-10-06.html,2026-10-06-v1,115,El Tajín,1.0
Escapada Romántica,Catemaco,1,data/raw/veracruz_productos_2026-10-06.html,2026-10-06-v1,33,Escapada Romántica,1.0
Isla Enmedio Snorkel Playa,Boca del Río|Alvarado,2,data/raw/veracruz_productos_2026-10-06.html,2026-10-06-v1,22,"Isla de Enmedio, Snorkel y Playa",1.0
Kayak,Veracruz,1,data/raw/veracruz_productos_2026-10-06.html,2026-10-06-v1,110,Kayak,1.0
Kayak Rapel Roca Partida,San Andrés Tuxtla,1,data/raw/veracruz_productos_2026-10-06.html,2026-10-06-v1,27,Kayak y Rapel en Roca Partida,1.0
Kayak Roca Partida,San Andrés Tuxtla,1,data/raw/veracruz_productos_2026-10-06.html,2026-10-06-v1,26,Kayak en Roca Partida,1.0
La Antigua y Cempoala 2,La Antigua|Ursulo Galván|Veracruz,3,data/raw/veracruz_productos_2026-10-06.html,2026-10-06-v1,51,La Antigua y Cempoala 2,1.0
Manglares Cascadas Playas Tuxtlas,Catemaco|San Andrés Tuxtla,2,data/raw/veracruz_productos_2026-10-06.html,2026-10-06-v1,46,"Manglares, Cascadas y Playas de los Tuxtlas",1.0
Naolinco,Naolinco,1,data/raw/veracruz_productos_2026-10-06.html,2026-10-06-v1,112,Naolinco,1.0
Orizaba Pueblo Mágico,Orizaba,1,data/raw/veracruz_productos_2026-10-06.html,2026-10-06-v1,179,Orizaba Pueblo Mágico,1.0
Paquete Salud Integral,Catemaco,1,data/raw/veracruz_productos_2026-10-06.html,2026-10-06-v1,32,Paquete de Salud Integral,1.0
Paseo Lancha Kayak Manglar,Tamiahua,1,data/raw/veracruz_productos_2026-10-06.html,2026-10-06-v1,49,Paseo en Lancha y Kayak por el Manglar,1.0
Pesca Camarón Atardecer,Tamiahua,1,data/raw/veracruz_productos_2026-10-06.html,2026-10-06-v1,50,Pesca de Camarón al Atardecer,0.938776
Playa Chaparrales,Cazones de Herrera,1,data/raw/veracruz_productos_2026-10-06.html,2026-10-06-v1,177,Playa Chaparrales,1.0
Pueblos Mágicos Altas Montañas,Córdoba|Coscomatepec|Orizaba,3,data/raw/veracruz_productos_2026-10-06.html,2026-10-06-v1,14,Pueblos Mágicos en las Altas Montañas. Orizaba y Coscomatepec,0.740741
Pueblos Mágicos Cafetaleros,Coatepec|Emiliano Zapata|Xico,3,data/raw/veracruz_productos_2026-10-06.html,2026-10-06-v1,178,Pueblos Mágicos y Cafetaleros con Hacienda,0.857143
Pueblos Mágicos del Totonacapan,Papantla|Zozocolco de Hidalgo,2,data/raw/veracruz_productos_2026-10-06.html,2026-10-06-v1,4,Pueblos Mágicos del Totonacapan,1.0
Puente Nacional y su Historia,Puente Nacional,1,data/raw/veracruz_productos_2026-10-06.html,2026-10-06-v1,119,Puente Nacional y su Historia,1.0
Quiahuiztlan Cempoala La Antigua Ruta de Cortés,Actopan|La Antigua|Ursulo Galván,3,data/raw/veracruz_productos_2026-10-06.html,2026-10-06-v1,16,"Quiahuiztlan, Cempoala y La Antigua. La Ruta de Cortés",1.0
Quiahuiztlán,Actopan,1,data/raw/veracruz_productos_2026-10-06.html,2026-10-06-v1,117,Quiahuiztlán,1.0
Quiahuiztlán La Antigua Cempoala 2,Actopan|La Antigua|Ursulo Galván|Veracruz,4,data/raw/veracruz_productos_2026-10-06.html,2026-10-06-v1,52,"Quiahuiztlán, La Antigua y Cempoala 2",1.0
Rafting Jalcomulco,Jalcomulco,1,data/raw/veracruz_productos_2026-10-06.html,2026-10-06-v1,106,Rafting Jalcomulco,1.0
Rapel Roca Partida,San Andrés Tuxtla,1,data/raw/veracruz_productos_2026-10-06.html,2026-10-06-v1,28,Rapel en Roca Partida,1.0
Rappel,Actopan,1,data/raw/veracruz_productos_2026-10-06.html,2026-10-06-v1,107,Rappel,1.0
Recorrido Botánico,Catemaco,1,data/raw/veracruz_productos_2026-10-06.html,2026-10-06-v1,31,Recorrido Botánico,1.0
Recorrido Guiado Selva,Catemaco,1,data/raw/veracruz_productos_2026-10-06.html,2026-10-06-v1,30,Recorrido Guiado por la Selva,1.0
Ruta de Cortés 2,Actopan|La Antigua|Puente Nacional|Ursulo Galván,4,data/raw/veracruz_productos_2026-10-06.html,2026-10-06-v1,118,Ruta de Cortés,1.0
Ruta de Cortés Xalapa,Coatepec|Emiliano Zapata|Veracruz|Xalapa|Xico,5,data/raw/veracruz_productos_2026-10-06.html,2026-10-06-v1,55,Ruta de Cortés,0.758621
Sabor a Café,Coatepec|Naolinco|Veracruz|Xalapa,4,data/raw/veracruz_productos_2026-10-06.html,2026-10-06-v1,105,Sabor a Café,1.0
Salsas Sones y Danzones 1,Boca del Río|Coatepec|Papantla|Veracruz|Xalapa|Xico,6,data/raw/veracruz_productos_2026-10-06.html,2026-10-06-v1,8,"Salsas, Sones y Danzones",1.0
Salsas Sones y Danzones 2,Boca del Río|Coatepec|Emiliano Zapata|Veracruz|Xico,5,data/raw/veracruz_productos_2026-10-06.html,2026-10-06-v1,9,"Salsas, Sones y Danzones",1.0
Salsas Sones y Danzones 3,Boca del Río|Alvarado|Tlacotalpan|Veracruz,4,data/raw/veracruz_productos_2026-10-06.html,2026-10-06-v1,10,"Salsas, Sones y Danzones",1.0
Sandboard,Ursulo Galván,1,data/raw/veracruz_productos_2026-10-06.html,2026-10-06-v1,108,Sandboard,1.0
Selva Los Tuxtlas,Catemaco|San Andrés Tuxtla,2,data/raw/veracruz_productos_2026-10-06.html,2026-10-06-v1,47,Selva de Los Tuxtlas,1.0
Senderos del Café,Coatepec,1,data/raw/veracruz_productos_2026-10-06.html,2026-10-06-v1,113,Senderos del Café,1.0
Sierra del Café Córdoba Orizaba Fortín,Córdoba|Fortín|Orizaba,3,data/raw/veracruz_productos_2026-10-06.html,2026-10-06-v1,15,"Sierra del Café, Córdoba, Orizaba y Fortín",1.0
Sierra del Café de las Montañas,Córdoba|Orizaba,2,data/raw/veracruz_productos_2026-10-06.html,2026-10-06-v1,6,Sierra del Café de las Montañas,1.0
Snorkel,Alvarado,1,data/raw/veracruz_productos_2026-10-06.html,2026-10-06-v1,109,Snorkel,1.0
Tajín Papantla Veracruz,Papantla|Veracruz,2,data/raw/veracruz_productos_2026-10-06.html,2026-10-06-v1,57,Tajín y Papantla,0.756757
Tajín y Papantla,Papantla,1,data/raw/veracruz_productos_2026-10-06.html,2026-10-06-v1,11,Tajín y Papantla,1.0
Tlacotalpan,Tlacotalpan|Veracruz,2,data/raw/veracruz_productos_2026-10-06.html,2026-10-06-v1,58,Tlacotalpan,1.0
Todo Veracruz es Bello,Catemaco|Boca del Río|Alvarado|Actopan|Coatepec|Córdoba|Coscomatepec|La Antigua|Orizaba|Papantla|San Andrés Tuxtla|Santiago Tuxtla|Tlacotalpan|Ursulo Galván|Veracruz|Xalapa|Xico,17,data/raw/veracruz_productos_2026-10-06.html,2026-10-06-v1,1,Todo Veracruz es Bello,1.0
Tour 4X4,Ursulo Galván,1,data/raw/veracruz_productos_2026-10-06.html,2026-10-06-v1,242,Tour 4X4,1.0
Tour Alvarado Tlacotalpan,Alvarado|Tlacotalpan,2,data/raw/veracruz_productos_2026-10-06.html,2026-10-06-v1,171,"Tour a Alvarado, Tlacotalpan y Agustín Lara",0.793651
Tour Café Coatepec,Coatepec,1,data/raw/veracruz_productos_2026-10-06.html,2026-10-06-v1,95,Tour Café,0.666667
Tour Ciudad Corto,Boca del Río|Veracruz,2,data/raw/veracruz_productos_2026-10-06.html,2026-10-06-v1,59,Tour de Ciudad Corto,1.0
Tour Ciudad Largo,Boca del Río|Veracruz,2,data/raw/veracruz_productos_2026-10-06.html,2026-10-06-v1,60,Tour de Ciudad Largo,1.0
Tour Lancha Manglar,Tamiahua|Tuxpan,2,data/raw/veracruz_productos_2026-10-06.html,2026-10-06-v1,48,Tour en Lancha por el Manglar,1.0
Tour Papantla El Tajín,Papantla,1,data/raw/veracruz_productos_2026-10-06.html,2026-10-06-v1,176,Tour por Papantla y El Tajín,1.0
Tour Rápidos Jalcomulco,Jalcomulco,1,data/raw/veracruz_productos_2026-10-06.html,2026-10-06-v1,76,Aventura en Jalcomulco,0.714286
Tour Vainilla,Papantla,1,data/raw/veracruz_productos_2026-10-06.html,2026-10-06-v1,174,Tour de la Vainilla,1.0
Travesía Kayak Isla Sacrificios,Boca del Río|Veracruz,2,data/raw/veracruz_productos_2026-10-06.html,2026-10-06-v1,21,Travesía en Kayak a la Isla de Sacrificios,1.0
Veracruz Puerto,Veracruz,1,data/raw/veracruz_productos_2026-10-06.html,2026-10-06-v1,114,Veracruz Puerto,1.0
Xalapa,Xalapa,1,data/raw/veracruz_productos_2026-10-06.html,2026-10-06-v1,116,Xalapa,1.0
Xalapa con Pueblos Mágicos Xico y Coatepec,Coatepec|Emiliano Zapata|Xalapa|Xico,4,data/raw/veracruz_productos_2026-10-06.html,2026-10-06-v1,13,Xalapa con Pueblos Magicos Xico y Coatepec,1.0
Xalapa: Cultura y Tradiciones,Coatepec|Xalapa|Xico,3,data/raw/veracruz_productos_2026-10-06.html,2026-10-06-v1,5,Xalapa: Cultura y Tradiciones,1.0
