antecedent,consequent,support,confidence,lift,pair_count
Córdoba,Orizaba,0.05333333333333334,1.0,15.0,4
Orizaba,Córdoba,0.05333333333333334,0.8,15.0,4
Emiliano Zapata,Xico,0.05333333333333334,1.0,10.714285714285714,4
Xico,Emiliano Zapata,0.05333333333333334,0.5714285714285714,10.714285714285714,4
Tlacotalpan,Alvarado,0.04,0.75,9.375,3
Alvarado,Tlacotalpan,0.04,0.5,9.375,3
Xalapa,Xico,0.06666666666666667,0.7142857142857142,7.653061224489795,5
Xico,Xalapa,0.06666666666666667,0.7142857142857142,7.653061224489795,5
Xico,Coatepec,0.09333333333333334,1.0,7.5,7
Emiliano Zapata,Coatepec,0.05333333333333334,1.0,7.5,4
Coatepec,Xico,0.09333333333333334,0.7000000000000001,7.5,7
Xalapa,Coatepec,0.08,0.8571428571428571,6.428571428571428,6
Coatepec,Xalapa,0.08,0.6,6.428571428571428,6
La Antigua,Actopan,0.06666666666666667,0.5555555555555556,5.9523809523809526,5
Actopan,La Antigua,0.06666666666666667,0.7142857142857142,5.952380952380952,5
Santiago Tuxtla,Catemaco,0.04,1.0,5.769230769230769,3
Santiago Tuxtla,San Andrés Tuxtla,0.04,1.0,5.769230769230769,3
La Antigua,Ursulo Galván,0.08,0.6666666666666667,5.000000000000001,6
Ursulo Galván,La Antigua,0.08,0.6,5.0,6
Actopan,Ursulo Galván,0.05333333333333334,0.5714285714285714,4.285714285714286,4
Alvarado,Boca del Río,0.05333333333333334,0.6666666666666667,4.166666666666667,4
Catemaco,San Andrés Tuxtla,0.09333333333333334,0.5384615384615384,3.1065088757396446,7
San Andrés Tuxtla,Catemaco,0.09333333333333334,0.5384615384615384,3.1065088757396446,7
Boca del Río,Veracruz,0.14666666666666667,0.9166666666666666,2.864583333333333,11
La Antigua,Veracruz,0.09333333333333334,0.7777777777777778,2.4305555555555554,7
Tlacotalpan,Veracruz,0.04,0.75,2.34375,3
Xalapa,Veracruz,0.05333333333333334,0.5714285714285714,1.7857142857142856,4
Xico,Veracruz,0.05333333333333334,0.5714285714285714,1.7857142857142856,4
Coatepec,Veracruz,0.06666666666666667,0.5,1.5625,5
Alvarado,Veracruz,0.04,0.5,1.5625,3
