evidence_priority_rank,destination,region_turistica_preliminar,pueblo_magico,tourism_tags,official_product_card_count_295,lodging_establishments,food_beverage_establishments,recreation_tourism_proxy,agencies_tours_events,tourist_transport_proxy,tourism_gdp_2022_mxn2018,tourism_share_proxy_2022,coverage_dimensions_n,model_role_v1,tourism_service_establishments,ranking_scope
1,Córdoba,Altas Montañas,1,adventure; culture_history; gastronomy_coffee; heritage; nature; urban_services,8,80,2371,23,11,10,2291385198.3258405,0.0609439934773592,3,Undermeasured analog target,2495,structural evidence priority; not observed demand or route feasibility
2,Orizaba,Altas Montañas,1,adventure; culture_history; gastronomy_coffee; heritage; nature; urban_services,21,69,2112,42,17,3,2028622266.75748,0.0434055815896324,3,Undermeasured analog target,2243,structural evidence priority; not observed demand or route feasibility
3,Poza Rica de Hidalgo,Totonacapan,0,culture_history; gastronomy; nature; urban_services,0,80,1332,8,4,4,5965859220.61904,0.0742019526076753,3,Undermeasured analog target,1428,structural evidence priority; not observed demand or route feasibility
4,Minatitlán,Olmeca,0,culture_history; nature; urban_services,0,34,1289,10,18,2,1121111146.3977852,0.0212388262973324,3,Undermeasured analog target,1353,structural evidence priority; not observed demand or route feasibility
5,San Andrés Tuxtla,Los Tuxtlas,0,adventure; beach_coast; culture_history; nature,28,28,834,11,8,9,673960106.7884575,0.0959141811403693,3,Undermeasured analog target,890,structural evidence priority; not observed demand or route feasibility
6,Tuxpan,Huasteca,0,beach_coast; culture_history; gastronomy; nature; urban_services,2,67,804,5,2,4,4185000227.522216,0.2209203841826106,3,Undermeasured analog target,882,structural evidence priority; not observed demand or route feasibility
7,Coatepec,Cultura y Aventura,1,culture_history; gastronomy; gastronomy_coffee; heritage; nature,40,29,723,9,3,1,606769279.7472312,0.0452147106019933,3,Undermeasured analog target,765,structural evidence priority; not observed demand or route feasibility
8,Perote,Cultura y Aventura,0,adventure; culture_history; gastronomy; nature,4,20,587,5,1,0,312273035.6347497,0.0257557637342488,3,Undermeasured analog target,613,structural evidence priority; not observed demand or route feasibility
9,Tlapacoyan,Totonacapan,0,adventure; culture_history; gastronomy; nature,3,24,579,5,0,1,279923146.3202547,0.207824217261556,3,Undermeasured analog target,609,structural evidence priority; not observed demand or route feasibility
10,Fortín,Altas Montañas,0,adventure; culture_history; gastronomy_coffee; nature,9,12,546,10,2,0,1170022925.032128,0.2363689317794789,3,Undermeasured analog target,570,structural evidence priority; not observed demand or route feasibility
11,Emiliano Zapata,Cultura y Aventura,0,culture_history; gastronomy; nature,15,12,523,5,0,1,255952566.2365979,0.0640703173998898,3,Undermeasured analog target,541,structural evidence priority; not observed demand or route feasibility
12,Huatusco,Altas Montañas,0,adventure; culture_history; gastronomy_coffee; nature,2,15,520,4,1,1,430696955.0023987,0.1706921020121648,3,Undermeasured analog target,541,structural evidence priority; not observed demand or route feasibility
13,Tecolutla,Totonacapan,0,beach_coast; culture_history; gastronomy; nature,0,248,271,4,1,4,465745227.9133485,0.7491448692798324,3,Undermeasured analog target,528,structural evidence priority; not observed demand or route feasibility
14,Las Choapas,Olmeca,0,culture_history; nature,0,22,456,2,2,0,178367996.479851,0.0504198046982019,3,Undermeasured analog target,482,structural evidence priority; not observed demand or route feasibility
15,Alvarado,Primeros Pasos de Cortés,0,beach_coast; culture_history; gastronomy,13,13,379,3,0,4,163474640.52611774,0.0735422418879657,3,Undermeasured analog target,399,structural evidence priority; not observed demand or route feasibility
16,Misantla,Totonacapan,0,archaeology; culture_history; gastronomy; nature,3,17,375,3,0,0,285431531.93742144,0.2162171448705975,3,Undermeasured analog target,395,structural evidence priority; not observed demand or route feasibility
17,Jáltipan,Olmeca,0,culture_history; nature,1,15,328,6,6,4,26887768.343125053,0.0148383203528697,3,Undermeasured analog target,359,structural evidence priority; not observed demand or route feasibility
18,Catemaco,Los Tuxtlas,0,adventure; culture_history; nature; wellness_spiritual,48,40,287,2,4,20,1051810875.8958082,0.7057935176318706,3,Undermeasured analog target,353,structural evidence priority; not observed demand or route feasibility
19,La Antigua,Primeros Pasos de Cortés,0,adventure; culture_history; gastronomy; heritage,22,11,327,3,4,3,321122920.80236006,0.0574910830554812,3,Undermeasured analog target,348,structural evidence priority; not observed demand or route feasibility
20,Pánuco,Huasteca,0,culture_history; gastronomy; nature,0,16,326,2,0,2,88353083.00279787,0.0050484574055327,3,Undermeasured analog target,346,structural evidence priority; not observed demand or route feasibility
21,Cuitláhuac,Altas Montañas,0,adventure; culture_history; gastronomy_coffee; nature,1,4,294,2,0,0,10147066.345973035,0.0038526146246355,3,Undermeasured analog target,300,structural evidence priority; not observed demand or route feasibility
22,Xico,Cultura y Aventura,1,adventure; culture_history; gastronomy; gastronomy_coffee; heritage; nature,35,15,265,11,0,1,291676706.9282617,0.2138560642189194,3,Undermeasured analog target,292,structural evidence priority; not observed demand or route feasibility
23,Coscomatepec,Altas Montañas,1,adventure; culture_history; gastronomy_coffee; heritage; nature,8,4,267,3,1,0,95696457.24043222,0.0532932684305038,3,Undermeasured analog target,275,structural evidence priority; not observed demand or route feasibility
24,Santiago Tuxtla,Los Tuxtlas,0,adventure; archaeology; culture_history; nature,6,8,206,4,0,0,325338034.49579614,0.4574522069742015,3,Undermeasured analog target,218,structural evidence priority; not observed demand or route feasibility
25,Zongolica,Altas Montañas,0,adventure; culture_history; gastronomy_coffee; nature,1,4,135,1,0,0,20115820.748934746,0.0542767465907169,3,Undermeasured analog target,140,structural evidence priority; not observed demand or route feasibility
26,Tlacotalpan,Primeros Pasos de Cortés,0,culture_history; gastronomy; heritage,9,12,110,9,1,0,248532645.2810078,0.8704854157978323,3,Undermeasured analog target,132,structural evidence priority; not observed demand or route feasibility
27,Tamiahua,Huasteca,0,beach_coast; culture_history; gastronomy; nature,4,24,75,0,1,28,30081494.10869844,0.0508906535077509,3,Undermeasured analog target,128,structural evidence priority; not observed demand or route feasibility
28,Tempoal,Huasteca,0,culture_history; gastronomy; nature,0,6,115,2,0,1,145219050.71438396,0.2071178552170162,3,Undermeasured analog target,124,structural evidence priority; not observed demand or route feasibility
29,Naolinco,Cultura y Aventura,1,culture_history; gastronomy; heritage; nature,5,5,109,1,2,0,43537363.73187036,0.0686641480795742,3,Undermeasured analog target,117,structural evidence priority; not observed demand or route feasibility
30,Las Vigas de Ramírez,Cultura y Aventura,0,culture_history; gastronomy; nature,3,2,106,0,0,0,5408314.853779433,0.0132315876625524,3,Undermeasured analog target,108,structural evidence priority; not observed demand or route feasibility
31,Jalcomulco,Cultura y Aventura,0,adventure; culture_history; gastronomy; nature,11,14,75,11,7,0,56702265.93665224,0.8856330425225574,3,Undermeasured analog target,107,structural evidence priority; not observed demand or route feasibility
32,Yanga,Altas Montañas,0,adventure; culture_history; gastronomy_coffee; nature,1,1,97,3,0,0,6354164.877359349,0.0199866925722881,3,Undermeasured analog target,101,structural evidence priority; not observed demand or route feasibility
33,Cazones de Herrera,Totonacapan,0,beach_coast; culture_history; gastronomy; nature,1,2,71,0,0,0,40143773.47429123,0.1788106695743172,3,Undermeasured analog target,73,structural evidence priority; not observed demand or route feasibility
34,Puente Nacional,Primeros Pasos de Cortés,0,culture_history; gastronomy,2,5,58,1,0,0,190701063.0785592,0.2275593890296802,3,Undermeasured analog target,64,structural evidence priority; not observed demand or route feasibility
35,Nautla,Totonacapan,0,beach_coast; culture_history; gastronomy; nature,0,6,44,1,0,0,71416805.01091146,0.6148103142665532,3,Undermeasured analog target,51,structural evidence priority; not observed demand or route feasibility
36,Jilotepec,Cultura y Aventura,0,culture_history; gastronomy; nature,2,0,43,1,0,0,857070.3731754277,0.0093983045307549,3,Undermeasured analog target,44,structural evidence priority; not observed demand or route feasibility
37,Zozocolco de Hidalgo,Totonacapan,1,culture_history; gastronomy; heritage; nature,4,3,40,0,0,0,18016489.74672478,0.3610983928643475,3,Undermeasured analog target,43,structural evidence priority; not observed demand or route feasibility
38,Acajete,Cultura y Aventura,0,culture_history; gastronomy; nature,3,0,39,3,0,0,887227.282082128,0.006451695767772,3,Undermeasured analog target,42,structural evidence priority; not observed demand or route feasibility
39,Chinameca,Olmeca,0,culture_history; nature,1,0,113,0,0,0,,,2,Undermeasured analog target,113,structural evidence priority; not observed demand or route feasibility
40,Soteapan,Olmeca,0,culture_history; nature,7,2,90,0,0,0,,,2,Undermeasured analog target,92,structural evidence priority; not observed demand or route feasibility
41,Tlalnelhuayocan,Cultura y Aventura,0,culture_history; gastronomy; nature,4,1,45,0,0,0,,,2,Undermeasured analog target,46,structural evidence priority; not observed demand or route feasibility
42,Calcahualco,Altas Montañas,0,adventure; culture_history; gastronomy_coffee; nature,1,0,10,0,0,0,,,2,Undermeasured analog target,10,structural evidence priority; not observed demand or route feasibility
