rank_2025,country_of_residence,air_entries_2024,air_entries_2025,share_2025_pct,growth_2025_vs_2024_pct,market_tier_v1,trend_flag,targeting_phase,country_specific_profile_status,source_url
1,Estados Unidos,13709389,13710271,66.5,0.01,A_core_scale,stable,pre_trip_prospecting,not_available_in_current_public_project_data,https://datatur.sectur.gob.mx/Documentoscompartidos/upm/RES_2026_02.pdf
2,Canadá,2522479,2800129,13.6,11.0,A_core_scale,strong_growth,pre_trip_prospecting,not_available_in_current_public_project_data,https://datatur.sectur.gob.mx/Documentoscompartidos/upm/RES_2026_02.pdf
3,Reino Unido,426856,447252,2.2,4.8,A_large_market,growth,pre_trip_prospecting,not_available_in_current_public_project_data,https://datatur.sectur.gob.mx/Documentoscompartidos/upm/RES_2026_02.pdf
4,Colombia,515361,429279,2.1,-16.7,A_large_market,strong_decline,pre_trip_prospecting,not_available_in_current_public_project_data,https://datatur.sectur.gob.mx/Documentoscompartidos/upm/RES_2026_02.pdf
5,Argentina,313795,347838,1.7,10.8,A_growth_secondary,strong_growth,pre_trip_prospecting,not_available_in_current_public_project_data,https://datatur.sectur.gob.mx/Documentoscompartidos/upm/RES_2026_02.pdf
6,España,258813,269807,1.3,4.2,B_established_secondary,growth,pre_trip_prospecting,not_available_in_current_public_project_data,https://datatur.sectur.gob.mx/Documentoscompartidos/upm/RES_2026_02.pdf
8,Alemania,231311,226439,1.1,-2.1,B_established_secondary,decline,pre_trip_prospecting,not_available_in_current_public_project_data,https://datatur.sectur.gob.mx/Documentoscompartidos/upm/RES_2026_02.pdf
7,Francia,235881,229451,1.1,-2.7,B_established_secondary,decline,pre_trip_prospecting,not_available_in_current_public_project_data,https://datatur.sectur.gob.mx/Documentoscompartidos/upm/RES_2026_02.pdf
13,Italia,104005,118242,0.6,13.7,B_growth_test,strong_growth,pre_trip_prospecting,not_available_in_current_public_project_data,https://datatur.sectur.gob.mx/Documentoscompartidos/upm/RES_2026_02.pdf
14,China,99026,107167,0.5,8.2,B_growth_test,strong_growth,pre_trip_prospecting,not_available_in_current_public_project_data,https://datatur.sectur.gob.mx/Documentoscompartidos/upm/RES_2026_02.pdf
