destination,municipio,region_turistica_preliminar,official_product_card_count_295,theme_evidence_count,tourism_gdp_2022_mxn2018,inah_inventory_sites_n,model_role_v1,no_product_cards,region_unresolved,theme_count_lt3,missing_tourism_gdp,no_inah_inventory,no_direct_demand_series,profile_review_priority,interpretation
Acajete,Acajete,Cultura y Aventura,3,3,887227.282082128,0,Undermeasured analog target,False,False,False,False,True,True,low,profile-data audit only; missing product cards or demand coverage do not imply low tourism
Actopan,Actopan,Primeros Pasos de Cortés,24,4,156307315.2128738,1,Observed anchor / training evidence,False,False,False,False,False,False,low,profile-data audit only; missing product cards or demand coverage do not imply low tourism
Alvarado,Alvarado,Primeros Pasos de Cortés,13,3,163474640.52611774,0,Undermeasured analog target,False,False,False,False,True,True,low,profile-data audit only; missing product cards or demand coverage do not imply low tourism
Atzalan,Atzalan,Totonacapan,0,4,1478712.136803542,2,Observed anchor / training evidence,True,False,False,False,False,False,low,profile-data audit only; missing product cards or demand coverage do not imply low tourism
Boca del Río,Boca del Río,Primeros Pasos de Cortés,21,4,13309403140.827042,0,Observed anchor / training evidence,False,False,False,False,True,False,low,profile-data audit only; missing product cards or demand coverage do not imply low tourism
Castillo de Teayo,Castillo de Teayo,Huasteca,0,4,5027621.265132046,1,Observed anchor / training evidence,True,False,False,False,False,False,low,profile-data audit only; missing product cards or demand coverage do not imply low tourism
Catemaco,Catemaco,Los Tuxtlas,48,4,1051810875.8958082,0,Undermeasured analog target,False,False,False,False,True,True,low,profile-data audit only; missing product cards or demand coverage do not imply low tourism
Cazones de Herrera,Cazones de Herrera,Totonacapan,1,4,40143773.47429123,0,Undermeasured analog target,False,False,False,False,True,True,low,profile-data audit only; missing product cards or demand coverage do not imply low tourism
Coatepec,Coatepec,Cultura y Aventura,40,3,606769279.7472312,0,Undermeasured analog target,False,False,False,False,True,True,low,profile-data audit only; missing product cards or demand coverage do not imply low tourism
Coatzacoalcos,Coatzacoalcos,Olmeca,3,3,5069870160.575582,0,Observed anchor / training evidence,False,False,False,False,True,False,low,profile-data audit only; missing product cards or demand coverage do not imply low tourism
Coscomatepec,Coscomatepec,Altas Montañas,8,4,95696457.24043222,0,Undermeasured analog target,False,False,False,False,True,True,low,profile-data audit only; missing product cards or demand coverage do not imply low tourism
Cuitláhuac,Cuitláhuac,Altas Montañas,1,4,10147066.345973035,0,Undermeasured analog target,False,False,False,False,True,True,low,profile-data audit only; missing product cards or demand coverage do not imply low tourism
Córdoba,Córdoba,Altas Montañas,8,5,2291385198.3258405,0,Undermeasured analog target,False,False,False,False,True,True,low,profile-data audit only; missing product cards or demand coverage do not imply low tourism
Emiliano Zapata,Emiliano Zapata,Cultura y Aventura,15,3,255952566.2365979,0,Undermeasured analog target,False,False,False,False,True,True,low,profile-data audit only; missing product cards or demand coverage do not imply low tourism
Fortín,Fortín,Altas Montañas,9,4,1170022925.032128,0,Undermeasured analog target,False,False,False,False,True,True,low,profile-data audit only; missing product cards or demand coverage do not imply low tourism
Huatusco,Huatusco,Altas Montañas,2,4,430696955.0023987,0,Undermeasured analog target,False,False,False,False,True,True,low,profile-data audit only; missing product cards or demand coverage do not imply low tourism
Jalcomulco,Jalcomulco,Cultura y Aventura,11,4,56702265.93665224,0,Undermeasured analog target,False,False,False,False,True,True,low,profile-data audit only; missing product cards or demand coverage do not imply low tourism
Jesús Carranza,Jesús Carranza,Olmeca,0,3,6506333.401935588,1,Observed anchor / training evidence,True,False,False,False,False,False,low,profile-data audit only; missing product cards or demand coverage do not imply low tourism
Jilotepec,Jilotepec,Cultura y Aventura,2,3,857070.3731754277,0,Undermeasured analog target,False,False,False,False,True,True,low,profile-data audit only; missing product cards or demand coverage do not imply low tourism
Jáltipan,Jáltipan,Olmeca,1,2,26887768.343125053,0,Undermeasured analog target,False,False,True,False,True,True,low,profile-data audit only; missing product cards or demand coverage do not imply low tourism
La Antigua,La Antigua,Primeros Pasos de Cortés,22,5,321122920.80236006,0,Undermeasured analog target,False,False,False,False,True,True,low,profile-data audit only; missing product cards or demand coverage do not imply low tourism
Las Vigas de Ramírez,Las Vigas de Ramírez,Cultura y Aventura,3,3,5408314.853779433,0,Undermeasured analog target,False,False,False,False,True,True,low,profile-data audit only; missing product cards or demand coverage do not imply low tourism
Minatitlán,Minatitlán,Olmeca,0,3,1121111146.3977852,0,Undermeasured analog target,True,False,False,False,True,True,low,profile-data audit only; missing product cards or demand coverage do not imply low tourism
Misantla,Misantla,Totonacapan,3,4,285431531.93742144,0,Undermeasured analog target,False,False,False,False,True,True,low,profile-data audit only; missing product cards or demand coverage do not imply low tourism
Naolinco,Naolinco,Cultura y Aventura,5,3,43537363.73187036,0,Undermeasured analog target,False,False,False,False,True,True,low,profile-data audit only; missing product cards or demand coverage do not imply low tourism
Nautla,Nautla,Totonacapan,0,4,71416805.01091146,0,Undermeasured analog target,True,False,False,False,True,True,low,profile-data audit only; missing product cards or demand coverage do not imply low tourism
Orizaba,Orizaba,Altas Montañas,21,5,2028622266.75748,0,Undermeasured analog target,False,False,False,False,True,True,low,profile-data audit only; missing product cards or demand coverage do not imply low tourism
Papantla,Papantla,Totonacapan,29,4,485340729.72662777,2,Observed anchor / training evidence,False,False,False,False,False,False,low,profile-data audit only; missing product cards or demand coverage do not imply low tourism
Perote,Perote,Cultura y Aventura,4,4,312273035.6347497,0,Undermeasured analog target,False,False,False,False,True,True,low,profile-data audit only; missing product cards or demand coverage do not imply low tourism
Poza Rica de Hidalgo,Poza Rica de Hidalgo,Totonacapan,0,3,5965859220.61904,0,Undermeasured analog target,True,False,False,False,True,True,low,profile-data audit only; missing product cards or demand coverage do not imply low tourism
Puente Nacional,Puente Nacional,Primeros Pasos de Cortés,2,2,190701063.0785592,0,Undermeasured analog target,False,False,True,False,True,True,low,profile-data audit only; missing product cards or demand coverage do not imply low tourism
Pánuco,Pánuco,Huasteca,0,3,88353083.00279787,0,Undermeasured analog target,True,False,False,False,True,True,low,profile-data audit only; missing product cards or demand coverage do not imply low tourism
San Andrés Tuxtla,San Andrés Tuxtla,Los Tuxtlas,28,4,673960106.7884575,0,Undermeasured analog target,False,False,False,False,True,True,low,profile-data audit only; missing product cards or demand coverage do not imply low tourism
Santiago Tuxtla,Santiago Tuxtla,Los Tuxtlas,6,4,325338034.49579614,1,Undermeasured analog target,False,False,False,False,False,True,low,profile-data audit only; missing product cards or demand coverage do not imply low tourism
Tamiahua,Tamiahua,Huasteca,4,4,30081494.10869844,0,Undermeasured analog target,False,False,False,False,True,True,low,profile-data audit only; missing product cards or demand coverage do not imply low tourism
Tecolutla,Tecolutla,Totonacapan,0,4,465745227.9133485,0,Undermeasured analog target,True,False,False,False,True,True,low,profile-data audit only; missing product cards or demand coverage do not imply low tourism
Tempoal,Tempoal,Huasteca,0,3,145219050.71438396,0,Undermeasured analog target,True,False,False,False,True,True,low,profile-data audit only; missing product cards or demand coverage do not imply low tourism
Texistepec,Texistepec,Olmeca,0,3,1922325.7778446025,1,Observed anchor / training evidence,True,False,False,False,False,False,low,profile-data audit only; missing product cards or demand coverage do not imply low tourism
Tlacotalpan,Tlacotalpan,Primeros Pasos de Cortés,9,2,248532645.2810078,0,Undermeasured analog target,False,False,True,False,True,True,low,profile-data audit only; missing product cards or demand coverage do not imply low tourism
Tlapacoyan,Tlapacoyan,Totonacapan,3,4,279923146.3202547,0,Undermeasured analog target,False,False,False,False,True,True,low,profile-data audit only; missing product cards or demand coverage do not imply low tourism
Tuxpan,Tuxpan,Huasteca,2,5,4185000227.522216,0,Undermeasured analog target,False,False,False,False,True,True,low,profile-data audit only; missing product cards or demand coverage do not imply low tourism
Ursulo Galván,Ursulo Galván,Primeros Pasos de Cortés,29,5,547306938.6016525,1,Observed anchor / training evidence,False,False,False,False,False,False,low,profile-data audit only; missing product cards or demand coverage do not imply low tourism
Vega de Alatorre,Vega de Alatorre,Totonacapan,0,4,159044440.13924155,1,Observed anchor / training evidence,True,False,False,False,False,False,low,profile-data audit only; missing product cards or demand coverage do not imply low tourism
Veracruz,Veracruz,Primeros Pasos de Cortés,58,4,12272967698.192837,0,Observed anchor / training evidence,False,False,False,False,True,False,low,profile-data audit only; missing product cards or demand coverage do not imply low tourism
Xalapa,Xalapa,Cultura y Aventura,31,4,8089549933.091869,0,Observed anchor / training evidence,False,False,False,False,True,False,low,profile-data audit only; missing product cards or demand coverage do not imply low tourism
Xico,Xico,Cultura y Aventura,35,4,291676706.9282617,0,Undermeasured analog target,False,False,False,False,True,True,low,profile-data audit only; missing product cards or demand coverage do not imply low tourism
Yanga,Yanga,Altas Montañas,1,4,6354164.877359349,0,Undermeasured analog target,False,False,False,False,True,True,low,profile-data audit only; missing product cards or demand coverage do not imply low tourism
Zongolica,Zongolica,Altas Montañas,1,4,20115820.748934746,0,Undermeasured analog target,False,False,False,False,True,True,low,profile-data audit only; missing product cards or demand coverage do not imply low tourism
Zozocolco de Hidalgo,Zozocolco de Hidalgo,Totonacapan,4,3,18016489.74672478,0,Undermeasured analog target,False,False,False,False,True,True,low,profile-data audit only; missing product cards or demand coverage do not imply low tourism
Calcahualco,Calcahualco,Altas Montañas,1,4,,0,Undermeasured analog target,False,False,False,True,True,True,medium,profile-data audit only; missing product cards or demand coverage do not imply low tourism
Carrillo Puerto,Carrillo Puerto,Altas Montañas,0,3,,1,Observed anchor / training evidence,True,False,False,True,False,False,medium,profile-data audit only; missing product cards or demand coverage do not imply low tourism
Chinameca,Chinameca,Olmeca,1,2,,0,Undermeasured analog target,False,False,True,True,True,True,medium,profile-data audit only; missing product cards or demand coverage do not imply low tourism
Las Choapas,Las Choapas,Olmeca,0,2,178367996.479851,0,Undermeasured analog target,True,False,True,False,True,True,medium,profile-data audit only; missing product cards or demand coverage do not imply low tourism
Soteapan,Soteapan,Olmeca,7,2,,0,Undermeasured analog target,False,False,True,True,True,True,medium,profile-data audit only; missing product cards or demand coverage do not imply low tourism
Tlalnelhuayocan,Tlalnelhuayocan,Cultura y Aventura,4,3,,0,Undermeasured analog target,False,False,False,True,True,True,medium,profile-data audit only; missing product cards or demand coverage do not imply low tourism
