cluster,expected_medoid,name_es,name_en,name_ja,description_es,description_en,description_ja
1,Acajete,Paisajes y Sabores,Landscapes & Flavors,風景と郷土の味,"Naturaleza, cultura y gastronomía en destinos de distintas regiones.","Nature, culture and food traditions across several regions.",複数の地域に見られる自然、文化、郷土料理の魅力。
2,Actopan,Aventuras del Pasado,Adventures Through History,歴史を探る冒険,"Patrimonio arqueológico e histórico, con experiencias de aventura en parte del grupo.","Archaeological and historical heritage, with adventure activities in some destinations.",考古・歴史遺産を中心に、一部の観光地では冒険体験も楽しめます。
3,Atzalan,Tesoros Arqueológicos,Archaeological Treasures,考古遺産の宝庫,"Arqueología, naturaleza y tradiciones gastronómicas compartidas.","Archaeology, nature and food traditions shared by these destinations.",考古遺産、自然、食文化を共通の魅力とする観光地。
4,Boca del Río,Ciudades y Costa Viva,Cities & Living Coast,街と活気ある海岸,Experiencias culturales y gastronómicas; la mayoría también tiene carácter costero.,"Culture and gastronomy, with a coastal character in most destinations.",文化と食が中心で、多くの観光地には海辺の魅力もあります。
5,Calcahualco,Aventuras entre Paisajes,Adventure in Nature,自然を楽しむ冒険,"Naturaleza y aventura como rasgos comunes, desde montañas hasta regiones selváticas.",Nature and adventure connect destinations across different landscapes.,山地から緑豊かな地域まで、自然と冒険を共通テーマとする観光地。
6,Cazones de Herrera,Playas y Naturaleza Viva,Coasts & Wild Nature,海岸と豊かな自然,"Costas, naturaleza, cultura local y gastronomía.","Coastal landscapes, nature, local culture and food traditions.",海辺の景色、自然、地域文化、食の魅力。
7,Chinameca,Naturaleza con Raíces,Nature & Heritage,自然と地域の歴史,"Naturaleza e historia cultural, sin atribuir demanda turística no medida.",Nature and cultural heritage without assumptions about visitor numbers.,自然と地域の歴史・文化に注目したグループ。
8,Coatepec,Pueblos Mágicos con Sabor,Flavorful Pueblos Mágicos,食文化が魅力のプエブロ・マヒコ,"Pueblos Mágicos que comparten naturaleza, cultura y gastronomía.","Pueblos Mágicos sharing nature, culture and culinary traditions.",自然、文化、食を共通の魅力とするプエブロ・マヒコ。
9,Coatzacoalcos,Ciudades del Sur,Southern City Escapes,南部の都市めぐり,Dos centros urbanos del sur con servicios y patrimonio cultural.,Two southern urban centers with services and cultural heritage.,都市サービスと文化的な魅力を持つ州南部の二都市。
10,Coscomatepec,Montañas Mágicas,Magical Highlands,魅惑の高原と山々,"Pueblos Mágicos unidos por naturaleza, aventura, cultura y gastronomía.","Pueblos Mágicos combining nature, adventure, culture and cuisine.",自然、冒険、文化、食を組み合わせたプエブロ・マヒコ。
11,Jesús Carranza,Huellas Ancestrales del Sur,Ancient Roots of the South,南部に残る古代の足跡,Patrimonio arqueológico e historia cultural en paisajes del sur.,Archaeological heritage and cultural history in southern landscapes.,州南部の景観の中に残る考古遺産と文化の歴史。
12,Puente Nacional,Tradiciones que se Saborean,A Taste of Tradition,伝統と郷土の味,"Historia, cultura y gastronomía de dos destinos veracruzanos.","History, culture and food traditions shared by two destinations.",二つの観光地に共通する歴史、文化、郷土料理。
