destination,evidence_scope,source,evidence_summary,review_date
Carrillo Puerto,profile gap repair,https://www.veracruz.mx/destino.php?Municipio=31,"Pre-Hispanic history, archaeological monument, traditions/music and gastronomy are documented; profile was previously under-coded.",2026-10-07
Carrillo Puerto,region repair,https://www.veracruz.mx/region.php?id=5,Official Altas Montañas page lists Carrillo Puerto in the region.,2026-10-07
Las Choapas,sparse-offer cross-check,https://www.veracruz.mx/destino.php?Municipio=61,"Official page documents tropical ecosystems, traditions/music, gastronomy and a natural recreation site; zero product cards does not mean no tourism profile.",2026-10-07
Chinameca,sparse-offer cross-check,https://www.veracruz.mx/destino.php?Municipio=59,Official page documents local history and the municipality has one appearance in the frozen 295-card product catalogue.,2026-10-07
Soteapan,sparse-profile cross-check,data/raw/veracruz_productos_2026-10-06.html,"Seven official product cards describe Popoluca culture, gastronomy, ecotourism, trails, aquatic activities, temazcal/medicine traditions and rappel.",2026-10-07
Tlalnelhuayocan,sparse-profile cross-check,data/raw/veracruz_productos_2026-10-06.html,"Four official product cards describe cloud-forest conservation, rural gastronomy, sustainable trails and cycling/mountain experiences.",2026-10-07
Calcahualco,sparse-profile cross-check,data/raw/veracruz_productos_2026-10-06.html,One official product card places Calcahualco in an Altas Montañas experience focused on mountain activities and trails; the official destination page also documents forest and historical assets.,2026-10-07
Xalapa,targeted profile cross-check,https://www.veracruz.gob.mx/turismo/2025/08/29/recorre-xalapa-ciudad-de-parques-un-respiro-entre-la-urbanidad-y-la-naturaleza/,"SECTUR explicitly presents Xalapa as a city where urbanity and nature coexist, with parks, Macuiltépetl, El Haya, Jardín Botánico Clavijero and Naturalia; current nature/culture/urban profile remains supported.",2026-10-07
Xalapa,targeted profile cross-check,https://www.veracruz.mx/destino.php?Municipio=87,"Official destination page documents gastronomy, museums/cultural spaces, parks, botanical garden and ecological attractions; no S4 theme correction required.",2026-10-07
La Antigua,targeted profile repair,https://www.veracruz.mx/destino.php?Municipio=16,"Official destination page documents Playa de Chalchihuecan and Río Huitzilapan with exuberant vegetation, boat trips, swimming, fishing, rafting and kayak, in addition to historical and gastronomic attractions. Beach/coast and nature were under-coded.",2026-10-07
La Antigua,targeted profile repair,https://www.veracruz.gob.mx/turismo/2025/03/25/descubre-veracruz-a-traves-de-la-ruta-primeros-pasos-de-cortes-historia-aventura-y-naturaleza/,"SECTUR route description explicitly includes La Antigua and a boat trip on Río Huitzilapan surrounded by mangroves, confirming nature-linked tourism evidence.",2026-10-07
Poza Rica de Hidalgo,targeted profile review,https://www.veracruz.gob.mx/turismo/regiones-turisticas/,SECTUR describes Poza Rica specifically as a notable petroleum city with cultural spaces; nature/adventure are regional Totonacapan attributes but are assigned to other municipalities in destination-specific descriptions.,2026-10-07
Poza Rica de Hidalgo,targeted profile review,https://www.veracruz.gob.mx/turismo/2026/03/23/descubre-los-atractivos-turisticos-del-norte-de-veracruz-durante-cumbre-tajin/,"Current SECTUR visitor guidance presents Poza Rica through petroleum history, civic monuments and urban culture, while nearby nature experiences are attributed to Tecolutla, Cazones, Costa Esmeralda and Zozocolco.",2026-10-07
