destination,municipio,clave_municipio,region_turistica_preliminar,pueblo_magico,oferta_turistica_oficial_web,productos_en_extracto_local_n,productos_ejemplo,tourism_tags,theme_beach_coast,theme_nature,theme_culture_history,theme_archaeology,theme_adventure,theme_gastronomy_coffee,theme_wellness_spiritual,theme_urban_services,inah_inventory_sites,inah_series_sites,datatur_center,datatur_scope_note,source_tourism_offer_snapshot,source_region_snapshot,source_pueblo_magico_snapshot,source_inah_visitors,source_inah_catalog,source_datatur,curation_version
Actopan,Actopan,30004,Primeros Pasos de Cortés,0,1,7,Todo Veracruz es Bello | Quiahuiztlan Cempoala La Antigua Ruta de Cortés | Quiahuiztlán La Antigua Cempoala 2,adventure; archaeology; culture_history; gastronomy,0,0,1,1,1,1,0,0,Quiahuiztlán,Zona Arqueológica de Quiahuitztlán,,,data/raw/veracruz_productos_2026-10-06.html,data/raw/veracruz_regiones_2026-10-06.html,,data/raw/INAH_visitantes_zonas_general.csv,data/raw/INAH_zonas_arqueologicas.csv,data/raw/Base70centros.csv,2026-10-06-v1
Atzalan,Atzalan,30023,Totonacapan,0,1,0,,archaeology; culture_history; gastronomy; nature,0,1,1,1,0,1,0,0,Cuajilote | Vega de la Peña,Zona Arqueológica de Cuajilote | Zona Arqueológica de Vega de la Peña,,,data/raw/veracruz_productos_2026-10-06.html,data/raw/veracruz_regiones_2026-10-06.html,,data/raw/INAH_visitantes_zonas_general.csv,data/raw/INAH_zonas_arqueologicas.csv,data/raw/Base70centros.csv,2026-10-06-v1
Boca del Río,Boca del Río,30028,Primeros Pasos de Cortés,0,1,12,Todo Veracruz es Bello | Al sabor de Boka | Aventura en Ríos,beach_coast; culture_history; gastronomy; urban_services,1,0,1,0,0,1,0,1,,,Veracruz-Boca del Río,"Centro combinado; usar como contexto hotelero, no como dato municipal puro",data/raw/veracruz_productos_2026-10-06.html,data/raw/veracruz_regiones_2026-10-06.html,,data/raw/INAH_visitantes_zonas_general.csv,data/raw/INAH_zonas_arqueologicas.csv,data/raw/Base70centros.csv,2026-10-06-v1
Carrillo Puerto,Carrillo Puerto,30031,Por verificar,0,1,0,,archaeology,0,0,0,1,0,0,0,0,Cuauhtochco,Zona Arqueológica de Cuauhtochco,,,data/raw/veracruz_productos_2026-10-06.html,data/raw/veracruz_regiones_2026-10-06.html,,data/raw/INAH_visitantes_zonas_general.csv,data/raw/INAH_zonas_arqueologicas.csv,data/raw/Base70centros.csv,2026-10-06-v1
Castillo de Teayo,Castillo de Teayo,30157,Huasteca,0,1,0,,archaeology; culture_history; gastronomy; nature,0,1,1,1,0,1,0,0,Castillo de Teayo,Zona Arqueológica de Castillo de Teayo con museo de sitio,,,data/raw/veracruz_productos_2026-10-06.html,data/raw/veracruz_regiones_2026-10-06.html,,data/raw/INAH_visitantes_zonas_general.csv,data/raw/INAH_zonas_arqueologicas.csv,data/raw/Base70centros.csv,2026-10-06-v1
Coatzacoalcos,Coatzacoalcos,30039,Olmeca,0,1,0,,culture_history; nature; urban_services,0,1,1,0,0,0,0,1,,,Coatzacoalcos,Centro DataTur,data/raw/veracruz_productos_2026-10-06.html,data/raw/veracruz_regiones_2026-10-06.html,,data/raw/INAH_visitantes_zonas_general.csv,data/raw/INAH_zonas_arqueologicas.csv,data/raw/Base70centros.csv,2026-10-06-v1
Jesús Carranza,Jesús Carranza,30091,Olmeca,0,1,0,,archaeology; culture_history; nature,0,1,1,1,0,0,0,0,Las Limas,Zona Arqueológica de Las Limas,,,data/raw/veracruz_productos_2026-10-06.html,data/raw/veracruz_regiones_2026-10-06.html,,data/raw/INAH_visitantes_zonas_general.csv,data/raw/INAH_zonas_arqueologicas.csv,data/raw/Base70centros.csv,2026-10-06-v1
Papantla,Papantla,30124,Totonacapan,1,1,9,Todo Veracruz es Bello | Pueblos Mágicos del Totonacapan | Salsas Sones y Danzones 1,archaeology; culture_history; gastronomy; heritage; nature,0,1,1,1,0,1,0,0,Cuyuxquihui | El Tajín,Zona Arqueológica de Cuyuxquihui | Zona Arqueológica de El Tajín,,,data/raw/veracruz_productos_2026-10-06.html,data/raw/veracruz_regiones_2026-10-06.html,data/raw/veracruz_productos_2026-10-06.html,data/raw/INAH_visitantes_zonas_general.csv,data/raw/INAH_zonas_arqueologicas.csv,data/raw/Base70centros.csv,2026-10-06-v1
Texistepec,Texistepec,30172,Olmeca,0,1,0,,archaeology; culture_history; nature,0,1,1,1,0,0,0,0,San Lorenzo Tenochtitlan,Zona Arqueológica de San Lorenzo Tenochtitlan con museo de sitio,,,data/raw/veracruz_productos_2026-10-06.html,data/raw/veracruz_regiones_2026-10-06.html,,data/raw/INAH_visitantes_zonas_general.csv,data/raw/INAH_zonas_arqueologicas.csv,data/raw/Base70centros.csv,2026-10-06-v1
Ursulo Galván,Ursulo Galván,30191,Primeros Pasos de Cortés,0,1,10,Todo Veracruz es Bello | Quiahuiztlan Cempoala La Antigua Ruta de Cortés | Cempoala La Antigua San Juan de Ulúa,adventure; archaeology; beach_coast; culture_history; gastronomy,1,0,1,1,1,1,0,0,Cempoala,Zona Arqueológica de Cempoala con museo de sitio,,,data/raw/veracruz_productos_2026-10-06.html,data/raw/veracruz_regiones_2026-10-06.html,,data/raw/INAH_visitantes_zonas_general.csv,data/raw/INAH_zonas_arqueologicas.csv,data/raw/Base70centros.csv,2026-10-06-v1
Vega de Alatorre,Vega de Alatorre,30192,Totonacapan,0,1,0,,archaeology; culture_history; gastronomy; nature,0,1,1,1,0,1,0,0,Las Higueras,Zona Arqueológica de Las Higueras con museo de sitio,,,data/raw/veracruz_productos_2026-10-06.html,data/raw/veracruz_regiones_2026-10-06.html,,data/raw/INAH_visitantes_zonas_general.csv,data/raw/INAH_zonas_arqueologicas.csv,data/raw/Base70centros.csv,2026-10-06-v1
Veracruz,Veracruz,30193,Primeros Pasos de Cortés,0,1,24,Todo Veracruz es Bello | Al sabor de Boka | Aventura en Ríos,beach_coast; culture_history; gastronomy; heritage; urban_services,1,0,1,0,0,1,0,1,,,Veracruz-Boca del Río,"Centro combinado; usar como contexto hotelero, no como dato municipal puro",data/raw/veracruz_productos_2026-10-06.html,data/raw/veracruz_regiones_2026-10-06.html,,data/raw/INAH_visitantes_zonas_general.csv,data/raw/INAH_zonas_arqueologicas.csv,data/raw/Base70centros.csv,2026-10-06-v1
Xalapa,Xalapa,30087,Cultura y Aventura,0,1,7,Todo Veracruz es Bello | Xalapa: Cultura y Tradiciones | Salsas Sones y Danzones 1,culture_history; gastronomy; nature; urban_services,0,1,1,0,0,1,0,1,,,Xalapa,Centro DataTur,data/raw/veracruz_productos_2026-10-06.html,data/raw/veracruz_regiones_2026-10-06.html,,data/raw/INAH_visitantes_zonas_general.csv,data/raw/INAH_zonas_arqueologicas.csv,data/raw/Base70centros.csv,2026-10-06-v1
Acajete,Acajete,30001,Cultura y Aventura,0,1,0,"Sones, Sabores y Tradiciones de Invierno",culture_history; gastronomy; nature,0,1,1,0,0,1,0,0,,,,,data/raw/veracruz_productos_2026-10-06.html,data/raw/veracruz_regiones_2026-10-06.html,,data/raw/INAH_visitantes_zonas_general.csv,data/raw/INAH_zonas_arqueologicas.csv,data/raw/Base70centros.csv,2026-10-06-v1
Alvarado,Alvarado,30011,Primeros Pasos de Cortés,0,1,6,Todo Veracruz es Bello | Al sabor de Boka | Salsas Sones y Danzones 3,beach_coast; culture_history; gastronomy,1,0,1,0,0,1,0,0,,,,,data/raw/veracruz_productos_2026-10-06.html,data/raw/veracruz_regiones_2026-10-06.html,,data/raw/INAH_visitantes_zonas_general.csv,data/raw/INAH_zonas_arqueologicas.csv,data/raw/Base70centros.csv,2026-10-06-v1
Calcahualco,Calcahualco,30029,Altas Montañas,0,1,0,La Magia de Veracruz en las Altas Montañas,adventure; culture_history; gastronomy_coffee; nature,0,1,1,0,1,1,0,0,,,,,data/raw/veracruz_productos_2026-10-06.html,data/raw/veracruz_regiones_2026-10-06.html,,data/raw/INAH_visitantes_zonas_general.csv,data/raw/INAH_zonas_arqueologicas.csv,data/raw/Base70centros.csv,2026-10-06-v1
Catemaco,Catemaco,30032,Los Tuxtlas,0,1,13,Todo Veracruz es Bello | Descubre Los Tuxtlas | Catemaco y Los Tuxtlas,adventure; culture_history; nature; wellness_spiritual,0,1,1,0,1,0,1,0,,,,,data/raw/veracruz_productos_2026-10-06.html,data/raw/veracruz_regiones_2026-10-06.html,,data/raw/INAH_visitantes_zonas_general.csv,data/raw/INAH_zonas_arqueologicas.csv,data/raw/Base70centros.csv,2026-10-06-v1
Cazones de Herrera,Cazones de Herrera,30033,Totonacapan,0,1,1,Playa Chaparrales,beach_coast; culture_history; gastronomy; nature,1,1,1,0,0,1,0,0,,,,,data/raw/veracruz_productos_2026-10-06.html,data/raw/veracruz_regiones_2026-10-06.html,,data/raw/INAH_visitantes_zonas_general.csv,data/raw/INAH_zonas_arqueologicas.csv,data/raw/Base70centros.csv,2026-10-06-v1
Chinameca,Chinameca,30059,Olmeca,0,1,0,Raudales del Son,culture_history; nature,0,1,1,0,0,0,0,0,,,,,data/raw/veracruz_productos_2026-10-06.html,data/raw/veracruz_regiones_2026-10-06.html,,data/raw/INAH_visitantes_zonas_general.csv,data/raw/INAH_zonas_arqueologicas.csv,data/raw/Base70centros.csv,2026-10-06-v1
Coatepec,Coatepec,30038,Cultura y Aventura,1,1,10,Todo Veracruz es Bello | Xalapa: Cultura y Tradiciones | Salsas Sones y Danzones 1,culture_history; gastronomy; gastronomy_coffee; heritage; nature,0,1,1,0,0,1,0,0,,,,,data/raw/veracruz_productos_2026-10-06.html,data/raw/veracruz_regiones_2026-10-06.html,data/raw/veracruz_productos_2026-10-06.html,data/raw/INAH_visitantes_zonas_general.csv,data/raw/INAH_zonas_arqueologicas.csv,data/raw/Base70centros.csv,2026-10-06-v1
Coscomatepec,Coscomatepec,30047,Altas Montañas,1,1,2,Todo Veracruz es Bello | Pueblos Mágicos Altas Montañas,adventure; culture_history; gastronomy_coffee; heritage; nature,0,1,1,0,1,1,0,0,,,,,data/raw/veracruz_productos_2026-10-06.html,data/raw/veracruz_regiones_2026-10-06.html,data/raw/veracruz_productos_2026-10-06.html,data/raw/INAH_visitantes_zonas_general.csv,data/raw/INAH_zonas_arqueologicas.csv,data/raw/Base70centros.csv,2026-10-06-v1
Cuitláhuac,Cuitláhuac,30053,Altas Montañas,0,1,0,"Experiencia del campo entre cañaverales, cafetos y limones",adventure; culture_history; gastronomy_coffee; nature,0,1,1,0,1,1,0,0,,,,,data/raw/veracruz_productos_2026-10-06.html,data/raw/veracruz_regiones_2026-10-06.html,,data/raw/INAH_visitantes_zonas_general.csv,data/raw/INAH_zonas_arqueologicas.csv,data/raw/Base70centros.csv,2026-10-06-v1
Córdoba,Córdoba,30044,Altas Montañas,1,1,4,Todo Veracruz es Bello | Sierra del Café de las Montañas | Pueblos Mágicos Altas Montañas,adventure; culture_history; gastronomy_coffee; heritage; nature; urban_services,0,1,1,0,1,1,0,1,,,,,data/raw/veracruz_productos_2026-10-06.html,data/raw/veracruz_regiones_2026-10-06.html,data/raw/veracruz_productos_2026-10-06.html,data/raw/INAH_visitantes_zonas_general.csv,data/raw/INAH_zonas_arqueologicas.csv,data/raw/Base70centros.csv,2026-10-06-v1
Emiliano Zapata,Emiliano Zapata,30065,Cultura y Aventura,0,1,4,Salsas Sones y Danzones 2 | Xalapa con Pueblos Mágicos Xico y Coatepec | Ruta de Cortés Xalapa,culture_history; gastronomy; nature,0,1,1,0,0,1,0,0,,,,,data/raw/veracruz_productos_2026-10-06.html,data/raw/veracruz_regiones_2026-10-06.html,,data/raw/INAH_visitantes_zonas_general.csv,data/raw/INAH_zonas_arqueologicas.csv,data/raw/Base70centros.csv,2026-10-06-v1
Fortín,Fortín,30068,Altas Montañas,0,1,1,Sierra del Café Córdoba Orizaba Fortín,adventure; culture_history; gastronomy_coffee; nature,0,1,1,0,1,1,0,0,,,,,data/raw/veracruz_productos_2026-10-06.html,data/raw/veracruz_regiones_2026-10-06.html,,data/raw/INAH_visitantes_zonas_general.csv,data/raw/INAH_zonas_arqueologicas.csv,data/raw/Base70centros.csv,2026-10-06-v1
Huatusco,Huatusco,30071,Altas Montañas,0,1,0,La Magia de Veracruz en las Altas Montañas | Sabores del Totonacapan a las Altas Montañas,adventure; culture_history; gastronomy_coffee; nature,0,1,1,0,1,1,0,0,,,,,data/raw/veracruz_productos_2026-10-06.html,data/raw/veracruz_regiones_2026-10-06.html,,data/raw/INAH_visitantes_zonas_general.csv,data/raw/INAH_zonas_arqueologicas.csv,data/raw/Base70centros.csv,2026-10-06-v1
Jalcomulco,Jalcomulco,30088,Cultura y Aventura,0,1,4,Aventura en Ríos | Descenso en Ríos | Rafting Jalcomulco,adventure; culture_history; gastronomy; nature,0,1,1,0,1,1,0,0,,,,,data/raw/veracruz_productos_2026-10-06.html,data/raw/veracruz_regiones_2026-10-06.html,,data/raw/INAH_visitantes_zonas_general.csv,data/raw/INAH_zonas_arqueologicas.csv,data/raw/Base70centros.csv,2026-10-06-v1
Jilotepec,Jilotepec,30093,Cultura y Aventura,0,1,0,Escapada del Camino Real a la Noche de Mil Estrellas,culture_history; gastronomy; nature,0,1,1,0,0,1,0,0,,,,,data/raw/veracruz_productos_2026-10-06.html,data/raw/veracruz_regiones_2026-10-06.html,,data/raw/INAH_visitantes_zonas_general.csv,data/raw/INAH_zonas_arqueologicas.csv,data/raw/Base70centros.csv,2026-10-06-v1
Jáltipan,Jáltipan,30089,Olmeca,0,1,0,Raudales del Son,culture_history; nature,0,1,1,0,0,0,0,0,,,,,data/raw/veracruz_productos_2026-10-06.html,data/raw/veracruz_regiones_2026-10-06.html,,data/raw/INAH_visitantes_zonas_general.csv,data/raw/INAH_zonas_arqueologicas.csv,data/raw/Base70centros.csv,2026-10-06-v1
La Antigua,La Antigua,30016,Primeros Pasos de Cortés,0,1,9,Todo Veracruz es Bello | Aventura en Ríos | Quiahuiztlan Cempoala La Antigua Ruta de Cortés,adventure; culture_history; gastronomy; heritage,0,0,1,0,1,1,0,0,,,,,data/raw/veracruz_productos_2026-10-06.html,data/raw/veracruz_regiones_2026-10-06.html,,data/raw/INAH_visitantes_zonas_general.csv,data/raw/INAH_zonas_arqueologicas.csv,data/raw/Base70centros.csv,2026-10-06-v1
Las Choapas,Las Choapas,30061,Olmeca,0,1,0,,culture_history; nature,0,1,1,0,0,0,0,0,,,,,data/raw/veracruz_productos_2026-10-06.html,data/raw/veracruz_regiones_2026-10-06.html,,data/raw/INAH_visitantes_zonas_general.csv,data/raw/INAH_zonas_arqueologicas.csv,data/raw/Base70centros.csv,2026-10-06-v1
Las Vigas de Ramírez,Las Vigas de Ramírez,30132,Cultura y Aventura,0,1,0,"Sones, Sabores y Tradiciones de Invierno",culture_history; gastronomy; nature,0,1,1,0,0,1,0,0,,,,,data/raw/veracruz_productos_2026-10-06.html,data/raw/veracruz_regiones_2026-10-06.html,,data/raw/INAH_visitantes_zonas_general.csv,data/raw/INAH_zonas_arqueologicas.csv,data/raw/Base70centros.csv,2026-10-06-v1
Minatitlán,Minatitlán,30108,Olmeca,0,1,0,,culture_history; nature; urban_services,0,1,1,0,0,0,0,1,,,,,data/raw/veracruz_productos_2026-10-06.html,data/raw/veracruz_regiones_2026-10-06.html,,data/raw/INAH_visitantes_zonas_general.csv,data/raw/INAH_zonas_arqueologicas.csv,data/raw/Base70centros.csv,2026-10-06-v1
Misantla,Misantla,30109,Totonacapan,0,1,0,Misantla y la Magia de Veracruz | Tour Misantla,archaeology; culture_history; gastronomy; nature,0,1,1,1,0,1,0,0,,,,,data/raw/veracruz_productos_2026-10-06.html,data/raw/veracruz_regiones_2026-10-06.html,,data/raw/INAH_visitantes_zonas_general.csv,data/raw/INAH_zonas_arqueologicas.csv,data/raw/Base70centros.csv,2026-10-06-v1
Naolinco,Naolinco,30112,Cultura y Aventura,1,1,2,Sabor a Café | Naolinco,culture_history; gastronomy; heritage; nature,0,1,1,0,0,1,0,0,,,,,data/raw/veracruz_productos_2026-10-06.html,data/raw/veracruz_regiones_2026-10-06.html,data/raw/veracruz_productos_2026-10-06.html,data/raw/INAH_visitantes_zonas_general.csv,data/raw/INAH_zonas_arqueologicas.csv,data/raw/Base70centros.csv,2026-10-06-v1
Nautla,Nautla,30114,Totonacapan,0,1,0,,beach_coast; culture_history; gastronomy; nature,1,1,1,0,0,1,0,0,,,,,data/raw/veracruz_productos_2026-10-06.html,data/raw/veracruz_regiones_2026-10-06.html,,data/raw/INAH_visitantes_zonas_general.csv,data/raw/INAH_zonas_arqueologicas.csv,data/raw/Base70centros.csv,2026-10-06-v1
Orizaba,Orizaba,30118,Altas Montañas,1,1,5,Todo Veracruz es Bello | Sierra del Café de las Montañas | Pueblos Mágicos Altas Montañas,adventure; culture_history; gastronomy_coffee; heritage; nature; urban_services,0,1,1,0,1,1,0,1,,,,,data/raw/veracruz_productos_2026-10-06.html,data/raw/veracruz_regiones_2026-10-06.html,data/raw/veracruz_productos_2026-10-06.html,data/raw/INAH_visitantes_zonas_general.csv,data/raw/INAH_zonas_arqueologicas.csv,data/raw/Base70centros.csv,2026-10-06-v1
Perote,Perote,30128,Cultura y Aventura,0,1,0,Ruta del Cofre de Perote | Escapada del Camino Real a la Noche de Mil Estrellas,adventure; culture_history; gastronomy; nature,0,1,1,0,1,1,0,0,,,,,data/raw/veracruz_productos_2026-10-06.html,data/raw/veracruz_regiones_2026-10-06.html,,data/raw/INAH_visitantes_zonas_general.csv,data/raw/INAH_zonas_arqueologicas.csv,data/raw/Base70centros.csv,2026-10-06-v1
Poza Rica de Hidalgo,Poza Rica de Hidalgo,30131,Totonacapan,0,1,0,,culture_history; gastronomy; nature; urban_services,0,1,1,0,0,1,0,1,,,,,data/raw/veracruz_productos_2026-10-06.html,data/raw/veracruz_regiones_2026-10-06.html,,data/raw/INAH_visitantes_zonas_general.csv,data/raw/INAH_zonas_arqueologicas.csv,data/raw/Base70centros.csv,2026-10-06-v1
Puente Nacional,Puente Nacional,30134,Primeros Pasos de Cortés,0,1,2,Ruta de Cortés 2 | Puente Nacional y su Historia,culture_history; gastronomy,0,0,1,0,0,1,0,0,,,,,data/raw/veracruz_productos_2026-10-06.html,data/raw/veracruz_regiones_2026-10-06.html,,data/raw/INAH_visitantes_zonas_general.csv,data/raw/INAH_zonas_arqueologicas.csv,data/raw/Base70centros.csv,2026-10-06-v1
Pánuco,Pánuco,30123,Huasteca,0,1,0,,culture_history; gastronomy; nature,0,1,1,0,0,1,0,0,,,,,data/raw/veracruz_productos_2026-10-06.html,data/raw/veracruz_regiones_2026-10-06.html,,data/raw/INAH_visitantes_zonas_general.csv,data/raw/INAH_zonas_arqueologicas.csv,data/raw/Base70centros.csv,2026-10-06-v1
San Andrés Tuxtla,San Andrés Tuxtla,30141,Los Tuxtlas,0,1,13,Todo Veracruz es Bello | Descubre Los Tuxtlas | Catemaco y Los Tuxtlas,adventure; beach_coast; culture_history; nature,1,1,1,0,1,0,0,0,,,,,data/raw/veracruz_productos_2026-10-06.html,data/raw/veracruz_regiones_2026-10-06.html,,data/raw/INAH_visitantes_zonas_general.csv,data/raw/INAH_zonas_arqueologicas.csv,data/raw/Base70centros.csv,2026-10-06-v1
Santiago Tuxtla,Santiago Tuxtla,30143,Los Tuxtlas,0,1,3,Todo Veracruz es Bello | Descubre Los Tuxtlas | Catemaco y Los Tuxtlas,adventure; archaeology; culture_history; nature,0,1,1,1,1,0,0,0,Tres Zapotes,,,,data/raw/veracruz_productos_2026-10-06.html,data/raw/veracruz_regiones_2026-10-06.html,,data/raw/INAH_visitantes_zonas_general.csv,data/raw/INAH_zonas_arqueologicas.csv,data/raw/Base70centros.csv,2026-10-06-v1
Soteapan,Soteapan,30149,Olmeca,0,1,0,Raudales del Son,culture_history; nature,0,1,1,0,0,0,0,0,,,,,data/raw/veracruz_productos_2026-10-06.html,data/raw/veracruz_regiones_2026-10-06.html,,data/raw/INAH_visitantes_zonas_general.csv,data/raw/INAH_zonas_arqueologicas.csv,data/raw/Base70centros.csv,2026-10-06-v1
Tamiahua,Tamiahua,30151,Huasteca,0,1,3,Tour Lancha Manglar | Paseo Lancha Kayak Manglar | Pesca Camarón Atardecer,beach_coast; culture_history; gastronomy; nature,1,1,1,0,0,1,0,0,,,,,data/raw/veracruz_productos_2026-10-06.html,data/raw/veracruz_regiones_2026-10-06.html,,data/raw/INAH_visitantes_zonas_general.csv,data/raw/INAH_zonas_arqueologicas.csv,data/raw/Base70centros.csv,2026-10-06-v1
Tecolutla,Tecolutla,30158,Totonacapan,0,1,0,,beach_coast; culture_history; gastronomy; nature,1,1,1,0,0,1,0,0,,,,,data/raw/veracruz_productos_2026-10-06.html,data/raw/veracruz_regiones_2026-10-06.html,,data/raw/INAH_visitantes_zonas_general.csv,data/raw/INAH_zonas_arqueologicas.csv,data/raw/Base70centros.csv,2026-10-06-v1
Tempoal,Tempoal,30161,Huasteca,0,1,0,,culture_history; gastronomy; nature,0,1,1,0,0,1,0,0,,,,,data/raw/veracruz_productos_2026-10-06.html,data/raw/veracruz_regiones_2026-10-06.html,,data/raw/INAH_visitantes_zonas_general.csv,data/raw/INAH_zonas_arqueologicas.csv,data/raw/Base70centros.csv,2026-10-06-v1
Tlacotalpan,Tlacotalpan,30178,Primeros Pasos de Cortés,0,1,4,Todo Veracruz es Bello | Salsas Sones y Danzones 3 | Tlacotalpan,culture_history; gastronomy; heritage,0,0,1,0,0,1,0,0,,,,,data/raw/veracruz_productos_2026-10-06.html,data/raw/veracruz_regiones_2026-10-06.html,,data/raw/INAH_visitantes_zonas_general.csv,data/raw/INAH_zonas_arqueologicas.csv,data/raw/Base70centros.csv,2026-10-06-v1
Tlalnelhuayocan,Tlalnelhuayocan,30182,Cultura y Aventura,0,1,0,Turismo Solidario en el Bosque de la Niebla | Con Esencia de Bosque,culture_history; gastronomy; nature,0,1,1,0,0,1,0,0,,,,,data/raw/veracruz_productos_2026-10-06.html,data/raw/veracruz_regiones_2026-10-06.html,,data/raw/INAH_visitantes_zonas_general.csv,data/raw/INAH_zonas_arqueologicas.csv,data/raw/Base70centros.csv,2026-10-06-v1
Tlapacoyan,Tlapacoyan,30183,Totonacapan,0,1,1,Descenso en Ríos,adventure; culture_history; gastronomy; nature,0,1,1,0,1,1,0,0,,,,,data/raw/veracruz_productos_2026-10-06.html,data/raw/veracruz_regiones_2026-10-06.html,,data/raw/INAH_visitantes_zonas_general.csv,data/raw/INAH_zonas_arqueologicas.csv,data/raw/Base70centros.csv,2026-10-06-v1
Tuxpan,Tuxpan,30189,Huasteca,0,1,1,Tour Lancha Manglar,beach_coast; culture_history; gastronomy; nature; urban_services,1,1,1,0,0,1,0,1,,,,,data/raw/veracruz_productos_2026-10-06.html,data/raw/veracruz_regiones_2026-10-06.html,,data/raw/INAH_visitantes_zonas_general.csv,data/raw/INAH_zonas_arqueologicas.csv,data/raw/Base70centros.csv,2026-10-06-v1
Xico,Xico,30092,Cultura y Aventura,1,1,7,Todo Veracruz es Bello | Xalapa: Cultura y Tradiciones | Salsas Sones y Danzones 1,adventure; culture_history; gastronomy; gastronomy_coffee; heritage; nature,0,1,1,0,1,1,0,0,,,,,data/raw/veracruz_productos_2026-10-06.html,data/raw/veracruz_regiones_2026-10-06.html,data/raw/veracruz_productos_2026-10-06.html,data/raw/INAH_visitantes_zonas_general.csv,data/raw/INAH_zonas_arqueologicas.csv,data/raw/Base70centros.csv,2026-10-06-v1
Yanga,Yanga,30196,Altas Montañas,0,1,0,"Experiencia del campo entre cañaverales, cafetos y limones",adventure; culture_history; gastronomy_coffee; nature,0,1,1,0,1,1,0,0,,,,,data/raw/veracruz_productos_2026-10-06.html,data/raw/veracruz_regiones_2026-10-06.html,,data/raw/INAH_visitantes_zonas_general.csv,data/raw/INAH_zonas_arqueologicas.csv,data/raw/Base70centros.csv,2026-10-06-v1
Zongolica,Zongolica,30201,Altas Montañas,0,1,0,Paseo en Lancha,adventure; culture_history; gastronomy_coffee; nature,0,1,1,0,1,1,0,0,,,,,data/raw/veracruz_productos_2026-10-06.html,data/raw/veracruz_regiones_2026-10-06.html,,data/raw/INAH_visitantes_zonas_general.csv,data/raw/INAH_zonas_arqueologicas.csv,data/raw/Base70centros.csv,2026-10-06-v1
Zozocolco de Hidalgo,Zozocolco de Hidalgo,30203,Totonacapan,1,1,1,Pueblos Mágicos del Totonacapan,culture_history; gastronomy; heritage; nature,0,1,1,0,0,1,0,0,,,,,data/raw/veracruz_productos_2026-10-06.html,data/raw/veracruz_regiones_2026-10-06.html,data/raw/veracruz_productos_2026-10-06.html,data/raw/INAH_visitantes_zonas_general.csv,data/raw/INAH_zonas_arqueologicas.csv,data/raw/Base70centros.csv,2026-10-06-v1
