filename,institution,source_url,snapshot_date,release_or_coverage,project_role,expected_sha256,notes,storage_mode
Base70centros.csv,SECTUR DataTur,https://www.datatur.sectur.gob.mx/SitePages/hoteleria.aspx,2026-10-06,coverage 2016-2024,Hotel-center monthly arrivals occupancy and room context,a8ca3f9bf34edf46321a45c1abcd3f774363d02db0395f1d6132b8a7c4d7d671,,local_raw
INAH_visitantes_zonas_general.csv,INAH,https://datos.inah.gob.mx/datos-abiertos/visitantes-zonas-arqueologicas,2026-10-06,coverage through 2026,Archaeological-site monthly visitor series,f7f960b8620af8de483990f9540473aa7ed112807f7989ee0f9e5722ac2a37d8,,local_raw
INAH_zonas_arqueologicas.csv,INAH,https://datos.inah.gob.mx/datos-abiertos/zonas-arqueologicas,2026-10-06,195-site catalog,Archaeological-site catalog and location evidence,ca080041e4b8dbd712cb545a005cd7663d1b3b08ac922c75a0965c05d2304d67,,local_raw
PIB_Turistico_Estatal_y_Municipal_2018-2022_.zip,SECTUR DataTur,https://datatur.sectur.gob.mx/SitePages/pibturisticoestatalmunicipal.aspx,2026-10-06,2018-2022,Tourism GDP municipal structural context,680de133bcec8af264ff4999e8c7da9be46d1d6f8c4a7529241ab0ec6e32e551,,local_raw
denue_00_48-49_csv.zip,INEGI DENUE,https://www.inegi.org.mx/app/descarga/?ti=6,2026-10-06,DENUE 05/2026,Tourist-transport proxy,5dd2f6fd55a36cd44dd24b98b6e3c56c150540aed2845897932839c559c30edd,,local_raw
denue_00_56_shp.zip,INEGI DENUE,https://www.inegi.org.mx/app/descarga/?ti=6,2026-10-06,DENUE 05/2026,Travel-agency tour reservation and event-service proxy,ed8aaab9b595f3b040c6956e72ffc300a6b35df91a05996668efbb3ae36c341e,,local_raw
denue_00_71_csv.zip,INEGI DENUE,https://www.inegi.org.mx/app/descarga/?ti=6,2026-10-06,DENUE 05/2026 corrected release 2026-07-01,Recreation culture heritage and tourism-service proxy,b251bcf0adb8f645870298c29e51e1ab2fb465e13630b00c50d933a681e71288,,local_raw
denue_00_72_1_csv.zip,INEGI DENUE,https://www.inegi.org.mx/app/descarga/?ti=6,2026-10-06,DENUE 05/2026,Accommodation and food beverage establishments part 1,909dd5c7d4447f2905c890ec1336f65e10ad5ca47467d89276236b48c8701b49,,local_raw
denue_00_72_2_csv.zip,INEGI DENUE,https://www.inegi.org.mx/app/descarga/?ti=6,2026-10-06,DENUE 05/2026,Accommodation and food beverage establishments part 2,cf12fc06171e06726427db15fd9e29fa0cfb44b9b984edf48fb382a69fcce441,,local_raw
veracruz_productos_2026-10-06.html,Veracruz Turismo,https://www.veracruz.mx/productos.php,2026-10-06,HTML snapshot,Official tourism products and navigation reference,0483a351060d107a027e9a075e1838db1852ca13af04b36f8190aa7408ade3bf,,local_raw
veracruz_regiones_2026-10-06.html,SECTUR Veracruz,https://www.veracruz.gob.mx/turismo/regiones-turisticas/,2026-10-06,HTML snapshot,Official tourism-region narrative reference,4d544159112eda530f939c8a1d013c370f2034cc5b0d756ef4e66cb3dff8b490,,local_raw
veracruz_pueblos_magicos_2026-10-06.html,SECTUR Veracruz,https://www.veracruz.gob.mx/turismo/pueblos-magicos/,2026-10-06,HTML snapshot returned Radware CAPTCHA,Attempted direct Pueblos Mágicos source snapshot,de99dfd36ccca17bcf34816d6bd014e41b054211791b1bb7a51c391d355cba8c,Preserved failed automated acquisition (Radware CAPTCHA). The manually browser-saved official page is the preferred parser source.,local_raw
veracruz_pueblos_magicos_2026-10-06_manual.html,SECTUR Veracruz,https://www.veracruz.gob.mx/turismo/pueblos-magicos/,2026-10-06,manual browser HTML snapshot,Preferred official Pueblos Mágicos membership source,914568f0cea5ffa4b794cc5480af980ea661c38c82270c070f0dec3f4bb31822,Saved manually in a browser after the automated Codespaces request returned a CAPTCHA; parser extracts the eight iframe title labels.,local_raw
RES_2025_12.pdf,SECTUR DataTur / UPMRIP,https://www.datatur.sectur.gob.mx/Documentoscompartidos/upm/RES_2025_12.pdf,2026-10-06,2025 annual values; validated by source August 2026,Mexico-wide foreign origin-market scale/context for later marketing; not Veracruz demand,,Exact fixed official report remains remotely retrievable. Direct source facts are transcribed without scoring into data/reference/origin_market_2025_validated.csv so the normal pipeline stays offline and deterministic.,remote_fixed
