consecutivo,estado,nombre,ubicacion_fisica,museo_sitio,sala_introductoria,condicion,responsables,url
1,Baja California,El Vallecito,"Camino a Vallecitos Km. 1 + 200, Ejido Jacume, Municipio de Tecate, Baja California. Acceso al camino de terracería en el entronque con el Km 67 de la Autopista Mexicali-Tijuana.",No,No,Abierta,Centro INAH Baja California,https://lugares.inah.gob.mx/es/node/4406
2,Baja California Sur,Cueva Pintada,"Camino a San Francisco de la Sierra Km 36, San Francisco de la Sierra, Municipio de Mulegé, Baja California Sur. Acceso al camino desde el entronque localizado en el Km 115 de la Carretera No.1.",No,No,Abierta,Centro INAH Baja California Sur,https://lugares.inah.gob.mx/es/node/4375
3,Baja California Sur,Cueva de las Flechas,"Camino a San Francisco de la Sierra Km 36, San Francisco de la Sierra, Municipio de Mulegé, Baja California Sur. Acceso al camino desde el entronque localizado en el Km 115 de la Carretera No.1.",No,No,Abierta,Centro INAH Baja California Sur,https://lugares.inah.gob.mx/es/node/4375
4,Baja California Sur,Cueva de la Música,"Camino a San Francisco de la Sierra Km 36, San Francisco de la Sierra, Municipio de Mulegé, Baja California Sur. Acceso al camino desde el entronque localizado en el Km 115 de la Carretera No.1.",No,No,Abierta,Centro INAH Baja California Sur,https://lugares.inah.gob.mx/es/node/4375
5,Baja California Sur,Cuesta Palmarito,"Camino a San Francisco de la Sierra Km 36, San Francisco de la Sierra, Municipio de Mulegé, Baja California Sur. Acceso al camino desde el entronque localizado en el Km 115 de la Carretera No.1.",No,No,Abierta,Centro INAH Baja California Sur,https://lugares.inah.gob.mx/es/node/4375
6,Baja California Sur,Cueva el Raton,"Camino a San Francisco de la Sierra Km 36, San Francisco de la Sierra, Municipio de Mulegé, Baja California Sur. Acceso al camino desde el entronque localizado en el Km 115 de la Carretera No.1.",No,No,Abierta,Centro INAH Baja California Sur,https://lugares.inah.gob.mx/es/node/4375
7,Baja California Sur,Cueva de la Soledad,"Camino a San Francisco de la Sierra Km 36, San Francisco de la Sierra, Municipio de Mulegé, Baja California Sur. Acceso al camino desde el entronque localizado en el Km 115 de la Carretera No.1.",No,No,Abierta,Centro INAH Baja California Sur,https://lugares.inah.gob.mx/es/node/4375
8,Baja California Sur,Boca San Julio,"Camino a San Francisco de la Sierra Km 36, San Francisco de la Sierra, Municipio de Mulegé, Baja California Sur. Acceso al camino desde el entronque localizado en el Km 115 de la Carretera No.1.",No,No,Abierta,Centro INAH Baja California Sur,https://lugares.inah.gob.mx/es/node/4375
9,Campeche,Balamkú,"Carretera N/D Ramal a Balamkú Km 2 + 700, Balamkú, Municipio de Calakmul, Campeche. Acceso al camino Balamkú en el entronque con el Km 93 de la Carretera Federal Escárcega - Chetumal No. 186.",No,No,Abierta,Centro INAH Campeche,https://lugares.inah.gob.mx/es/node/4373
10,Campeche,Becán,"Camino a Becán Km 0 + 450, Becán (Zona Arqueológica), Municipio de Calakmul, Campeche. Acceso al camino desde el entronque con el Km. 145 de la Carretera Federal No. 186.",No,No,Abierta,Centro INAH Campeche,https://lugares.inah.gob.mx/es/node/4329
11,Campeche,Calakmul,"Camino a la Reserva de la Biósfera de Calakmul Km 60, Calakmul, Municipio de Calakmul, Campeche. Acceso al camino desde el entronque con el Km 95 de la Carretera No. 186.",No,Si,Abierta,Centro INAH Campeche,https://lugares.inah.gob.mx/es/node/4376
12,Campeche,Chicanná,"Camino a Chicanná Km 0 + 500, Chicanná (Zona Arqueológica) (localizado en el entronque con el KM 140 de la Carretera Federal No. 186), Municipio de Calakmul, Campeche.",No,No,Abierta,Centro INAH Campeche,https://lugares.inah.gob.mx/es/node/4384
13,Campeche,Chunhuhub,"Carretera ramal a Xculok Km 10 + 200,  Chuncedro, Municipio de Hopelchén, Campeche. Acceso al camino en el entronque hacia Xculoc de la Carretera Federal Mérida-Chenes No. 261.",No,No,Abierta,Centro INAH Campeche,https://lugares.inah.gob.mx/es/node/4387
14,Campeche,Dzibilnocac,"Calle 9 (Benito Juárez) s/n, Vicente Guerrero (Iturbide), Municipio de Hopelchén, Campeche",No,No,Abierta,Centro INAH Campeche,https://lugares.inah.gob.mx/es/node/4338
15,Campeche,Edzná,"Carretera Federal Campeche-Edzná, KM. 55 (localizado en el entronque con el Km 45 de la carretera No. 188), Municipio de Campeche, Campeche.",Si,No,Abierta,Centro INAH Campeche,https://lugares.inah.gob.mx/es/node/4339
16,Campeche,El Tigre,"Carretera ramal a El Tigre,  El Tigre, Municipio de Candelaria, Campeche. Acceso al camino en el entronque con el KM 9 de la Carretera Candelaria-Colonias.",No,No,Abierta,Centro INAH Campeche,https://lugares.inah.gob.mx/es/node/4344
17,Campeche,Hochob,"Camino a Hochob Km 3 + 600 Municipio de Hopelchén, Campeche. Acceso desde el entronque con el Km. 14 de la Carretera Dzibalchen- Pich, Chencoh.",No,No,Abierta,Centro INAH Campeche,https://lugares.inah.gob.mx/es/node/4408
18,Campeche,Hormiguero,"Camino a Hormiguero Km 8, Ejido Eugenio Echeverría Castellot (El Carrizal), Municipio de Calakmul, Campeche. Acceso desde el entronque con el Km. 0 de la Carretera Estatal No. 269.",No,No,Abierta,Centro INAH Campeche,https://lugares.inah.gob.mx/es/node/4409
19,Campeche,Kankí,"Camino a la Zona Arqueológica Kankí, Kankí, Municipio de Tenabo, Campeche. Acceso al camino en el entronque Tenabo-Kankí,  Km 38 dde la Carretera No. 180 Campeche-Mérida.",No,No,Abierta,Centro INAH Campeche,https://lugares.inah.gob.mx/es/node/4424
20,Campeche,Nadzca'an,"La zona arqueológica Nadzca’an se localiza en el Sur del estado de Campeche, en la parte septentrional de la región conocida como el Petén Campechano.",No,No,Cerrada,Centro INAH Campeche,https://lugares.inah.gob.mx/es/node/4441
21,Campeche,Santa Rosa Xtampak,"Camino a Santa Rosa Xtampak km. 32, Xtampak, Municipio de Hopelchén, Campeche. Acceso al camino desde el Km. 79 de la Carretera Federal No. 79.",No,No,Abierta,Centro INAH Campeche,https://lugares.inah.gob.mx/es/node/4457
22,Campeche,Tabasqueño,"Camino a la Zona arqueológica El Tabasqueño Km. 2, Municipio de Hopelchén, Campeche. Acceso al camino desde el entronque con el Km. 34 de la Carretera No. 269. con rumbo a Dzibachén.",No,No,Abierta,Centro INAH Campeche,https://lugares.inah.gob.mx/es/node/4459
23,Campeche,Tohcok,"Carretera Federal No. 261,  Municipio de Hopelchén, Campeche",No,No,Abierta,Centro INAH Campeche,https://lugares.inah.gob.mx/es/node/4478
24,Campeche,Xcalumkín,"Ramal de camino a Xcalumkin Km 1 + 000, Municipio de Hecelchakán, Campeche. Acceso por el ramal de carretera Km 12 hacia Dzitnup.",No,No,Abierta,Centro INAH Campeche,https://lugares.inah.gob.mx/es/node/4484
25,Campeche,Xpuhil,"Carretera Federal no. 186 Escárcega -Chetumal  KM. 156  (Avenida Calakmul, Colonia Aviación C.P. 24640), Municipio de Calakmul, Campeche.",No,No,Abierta,Centro INAH Campeche,https://lugares.inah.gob.mx/es/node/4364
26,Chiapas,Bonampak,"Camino (de terracería) a Bonampak Km. 8 (aprox.), Lacanjá–Chansayab, Municipio de Ocosingo, Chiapas. Acceso desde el entronque con “Crucero Bonampak” de la Carretera No. 307 y Km. 3 + 500 desvío a Bonampak.",No,No,Abierta,Centro INAH Chiapas,https://lugares.inah.gob.mx/es/node/4331
27,Chiapas,Chiapa de Corzo,"Avenida Miguel Hidalgo, Chiapa de Corzo, Municipio de Chiapa de Corzo, Chiapas, C.P. 29160.",No,No,Abierta,Centro INAH Chiapas,https://lugares.inah.gob.mx/es/node/4493
28,Chiapas,Chinkultic,"Ramal de carretera a Chinkultic Km 1 + 730, localidad El Rincón, Municipio de La Trinitaria, Chiapas. Acceso por el entronque de la carretera No. 190 con el poblado Miguel Hidalgo.",No,No,Abierta,Centro INAH Chiapas,https://lugares.inah.gob.mx/es/node/4386
29,Chiapas,Iglesia Vieja,"Camino a Iglesia Vieja Km. 9 , Municipio de Tonalá, Chiapas. Acceso al camino desde el Km. 64 de la Carretera  No. 200 Tapachula -Juchitán de Zaragoza.",No,No,Abierta,Centro INAH Chiapas,https://lugares.inah.gob.mx/es/node/4490
30,Chiapas,Izapa,"Carretera México 200 (Tapachula-Juchitán de Zaragoza) Km 300 + 004, Municipio de Tuxtla Chico, Chiapas",No,No,Abierta,Centro INAH Chiapas,https://lugares.inah.gob.mx/es/node/4345
31,Chiapas,Lagartero,"Camino a Ejido Cristóbal Colón Km. 11 + 400 (aprox. al ejido), Municipio de La Trinitaria, Chiapas. Acceso al camino desde el Km. 56.7 (aprox.) de la Carretera Panamericana de Comitán-Cd. Cuáuhtemoc.",No,Si,Abierta,Centro INAH Chiapas,https://lugares.inah.gob.mx/es/node/4491
32,Chiapas,Palenque,"Carretera Ramal Palenque Km. 6.5, Municipio de Palenque, Chiapas, C.P. 29960. Acceso desde KM. 114 Carretera Federal No. 186, Escárcega–Campeche.",Si,No,Abierta,Centro INAH Chiapas,https://lugares.inah.gob.mx/es/node/4529
33,Chiapas,Tenam-Puente,"Camino a ""Baños de Santa Rita Uninajab"" Km. 4 + 950 (aprox.), Ejido Francisco Sarabia, Comitán de Domínguez, Chiapas. Acceso desde el entronque con el desvío hacia Ejido Francisco Sarabia-Tenam Puente de la Carretera Panamericana No. 190.",No,Si,Abierta,Centro INAH Chiapas,https://lugares.inah.gob.mx/es/node/4464
34,Chiapas,Toniná,"Camino a Rancho Toniná km 1 + 100, Toniná, Municipio de Ocosingo, Chiapas. Acceso por el entronque del ramal de la Carretera No. 218 con el ""Rancho Guadalupe"", localidad de San Martín.",Si,No,Abierta,Centro INAH Chiapas,https://lugares.inah.gob.mx/es/node/4359
35,Chiapas,Yaxchilán,"Zona Arqueológica Yaxchilán, Municipio de Ocosingo, Chiapas. Acceso por la Carretera No. 307, crucero a Frontera Corozal, a través del Río Usumacinta.",No,No,Abierta,Centro INAH Chiapas,https://lugares.inah.gob.mx/es/node/4367
36,Chihuahua,Cuarenta Casas,"Carretera Ciudad Madera - Mesa del Huracán Km. 42.5, El Vallecito, Municipio de Madera, Chihuahua.",No,No,Abierta,Centro INAH Chihuahua,https://lugares.inah.gob.mx/es/node/4337
37,Chihuahua,Cueva de la Olla,"Camino a ""rancho Casa Blanca-Cueva de la Olla"", Ejido Ignacio Zaragoza (El Willy), Municipio de Casas Grandes, Chihuahua. Acceso desde el Km 60 de la carretera Casas Grandes.",No,No,Abierta,Centro INAH Chihuahua,https://lugares.inah.gob.mx/es/node/4393
38,Chihuahua,Cueva Grande,"Camino a Huapoca-Cueva Grande, Localidad El Puente, Municipio de Madera, Chihuahua. Acceso al camino que dirige a Huapoca con en el entronque de la Av. Independencia en Madera Chihuahua.",No,No,Abierta,Centro INAH Chihuahua,https://lugares.inah.gob.mx/es/node/4394
39,Chihuahua,Huapoca,"Camino a Huapoca, Municipio de Madera, Chihuahua. Acceso al camino que dirige a Huapoca con en el entronque de la Av. Independencia en Madera Chihuahua.",No,No,Abierta,Centro INAH Chihuahua,https://lugares.inah.gob.mx/es/node/4415
40,Chihuahua,Paquimé,"Independencia Zona de Monumentos Arqueológicos de Paquimé 100 , Col. Casas Grandes, C.P. 31850, Municipio de Casas Grandes, Chihuahua",Si,No,Abierta,Centro INAH Chihuahua,https://lugares.inah.gob.mx/es/node/4353
41,Ciudad de México,Cerro de la Estrella,"Carretera Escénica al Cerro de la Estrella s/n Km 2, Iztapalapa, Colonia Ampliación Veracruzana,  CP 09856 Delegación Iztapalapa, Ciudad de México.",No,No,Abierta,Dirección de Estudios Arqueológicos,https://lugares.inah.gob.mx/es/node/4380
42,Ciudad de México,Cuicuilco,"Insurgentes Sur s/n, esq. Periférico, Col. Isidro Fabela, CP. 14030. Delegación Tlalpan,  Ciudad de México.",Si,No,Abierta,Dirección de Estudios Arqueológicos,https://lugares.inah.gob.mx/es/node/4395
43,Ciudad de México,Mixcoac (San Pedro de los Pinos),"Calle Pirámide no. 7, San Pedro de los Pinos, Alcaldía Benito Juárez. C.P. 03800, Ciudad de México",No,Si,Abierta,Dirección de Estudios Arqueológicos,https://lugares.inah.gob.mx/es/node/4545
44,Ciudad de México,Templo Mayor,"Seminario 8, Centro Histórico, Delegación Cuauhtémoc, C.P. 06060 Ciudad de México",Si,No,Abierta,Coordinación Nacional de Museos y Exposiciones,https://lugares.inah.gob.mx/es/node/4463
45,Ciudad de México,Tlatelolco,"Eje Central Lázaro Cárdenas s/n , esquina con Flores Magón, Col. Nonoalco Tlatelolco, Delegación Cuauhtémoc C.P. 6900, México, Ciudad de México.",Si,No,Abierta,Coordinación Nacional de Arqueología ,https://lugares.inah.gob.mx/es/node/4477
46,Coahuila de Zaragoza,Rincón Colorado,"Carretera Federal Saltillo - Torreón, Ejido Rincón Colorado",No,No,Abierta,Centro INAH Coahuila,https://lugares.inah.gob.mx/es/node/4543
47,Colima,El Chanal,"Calle Bonampak, El Chanal, Municipio de Colima. Acceso desde la avenida Tercer Anillo Periférico y su entronque con la avenida Venustiano Carranza.",No,No,Abierta,Centro INAH Colima,https://lugares.inah.gob.mx/es/node/4402
48,Colima,La Campana,"Av. Tecnológico, Ciudad de Villa de Álvarez, Municipio de Villa de Álvarez, Colima, Colima.",No,No,Abierta,Centro INAH Colima,https://lugares.inah.gob.mx/es/node/4425
49,Durango,La Ferreria,"Carretera a Lerdo de Tejada Km 2, Ejido La Ferrería, población Lerdo de Tejada, Municipio de Durango, Durango.",Si,No,Abierta,Centro INAH Durango,https://lugares.inah.gob.mx/es/node/4347
50,Estado de México,Acozac,"Avenida Tlaloc Sur s/n, Colonia Ampliación Plutarco Elías Calles, C.P. 56585, Municipio de Ixtapaluca, Estado de México. Entronque con Km 30 de la Carretera Federal México-Puebla.",No,No,Abierta,Centro INAH Estado de México,https://lugares.inah.gob.mx/es/node/4328
51,Estado de México,Calixtlahuaca,"Circuito perimetral (Hidalgo), Poblado de San Francisco Calixtlahuaca, Municipio de Toluca, Estado de México.",No,No,Abierta,Centro INAH Estado de México,https://lugares.inah.gob.mx/es/node/4333
52,Estado de México,Chimalhuacán,"Calle Pochotes s/n, Barrio de San Andrés, Municipio de Chimalhuacán, Estado de México.",Si,No,Abierta,Centro INAH Estado de México,https://lugares.inah.gob.mx/es/node/4385
53,Estado de México,El Conde,"Calle Ozumba 15, Colonia El Conde, Municipio de Naucalpan de Juárez, C.P. 53500 Estado de México.",No,No,Abierta,Centro INAH Estado de México,https://lugares.inah.gob.mx/es/node/4341
54,Estado de México,Huamango,"Carretera Toluca – Querétaro km. 93 Municipio de Acambay, Estado de México.",No,No,Abierta,Centro INAH Estado de México,https://lugares.inah.gob.mx/es/node/4410
55,Estado de México,Huexotla,"Calle San Francisco, San Luis Huexotla, Municipio de Texcoco, C.P. 56220 Estado de México.",No,No,Abierta,Centro INAH Estado de México,https://lugares.inah.gob.mx/es/node/4416
56,Estado de México,Los Melones,"Calle Abasolo no. 100, El Carmen, Municipio de Texcoco de Mora, C.P. 56140 , Estado de México.",No,No,Abierta,Centro INAH Estado de México,https://lugares.inah.gob.mx/es/node/4434
57,Estado de México,Los Reyes,"Calle Benito Juárez, Los Reyes Acaquilpan, Municipio La Paz, C.P. 56400 Estado de México.",No,No,Abierta,Centro INAH Estado de México,https://lugares.inah.gob.mx/es/node/4435
58,Estado de México,Malinalco,"Calle Amajac s/n, Municipio de Malinalco, Estado de México.",No,Si,Abierta,Centro INAH Estado de México,https://lugares.inah.gob.mx/es/node/4437
59,Estado de México,Ocoyoacac,"Carretera Federal No. 15 (México – Toluca) Km 45 + 500, Municipio de Ocoyoacac, Estado de México.",No,No,Abierta,Centro INAH Estado de México,https://lugares.inah.gob.mx/es/node/4443
60,Estado de México,San Miguel Ixtapan,"Carretera Tejupilco - Amatepec km. 17,  San Miguel Ixtapan, Municipio de Tejupilco, Estado de México.",No,No,Abierta,Centro INAH Estado de México,https://lugares.inah.gob.mx/es/node/4455
61,Estado de México,Santa Cecilia Acatitlan,"Circuito Acatitlán, Santa Cecilia Acatitlán, Municipio Tlalnepantla de Baz, C.P. 54130 Estado de México.",Si,No,Abierta,Centro INAH Estado de México,https://lugares.inah.gob.mx/es/node/4456
62,Estado de México,Tenayuca,"Quetzalcoatl s/n, Col. San Bartolo Tenayuca,  C.P. 54150 Tlalnepantla, Municipio de Tlalnepantla de Baz, Estado de México",Si,No,Abierta,Centro INAH Estado de México,https://lugares.inah.gob.mx/es/node/4465
63,Estado de México,Tenayuca II,"Calle Pirámide, Tlalnepantla, Municipio Tlalnepantla de Baz, C.P. 54140 Estado de México.",No,No,Abierta,Centro INAH Estado de México,https://lugares.inah.gob.mx/es/node/4466
64,Estado de México,Teotenango,"Av. Dr. Román Piña Chan s/n. Tenango de Arista, C.P. 52300, Municipio de Tenango del Valle, Estado de México.",No,No,Abierta,Centro INAH Estado de México,https://lugares.inah.gob.mx/es/node/4469
65,Estado de México,Teotihuacán,"Autopista Ecatepec Pirámides Km. 22 + 600 , Municipio de Teotihuacán, C.P. 55800,  Estado de México.",Si,No,Abierta,Centro INAH Estado de México ,https://lugares.inah.gob.mx/es/node/4528
66,Estado de México,Tetzcotzinco,"Cerro de Tetzcotzingo, Ejido San Nicolás Tlaminca, Municipio de Texcoco, Estado de México.",No,No,Abierta,Centro INAH Estado de México,https://lugares.inah.gob.mx/es/node/4356
67,Estado de México,Tlapacoya,"Calle Cda. del Silencio, Santa Cruz Tlapacoya,  Municipio de  Ixtapaluca, Estado de México. C.P. 56577.",No,No,Abierta,Centro INAH Estado de México,https://lugares.inah.gob.mx/es/node/4476
68,Estado de México,Tocuila,"Calle 16 de septiembre s/n, San Miguel Tocuila, Texcoco, Estado de México.",No,No,Cerrada,Centro INAH Estado de México,https://lugares.inah.gob.mx/es/node/6247
69,Guanajuato,Arroyo Seco,"Carretera estatal 110  (Tierra Blanca-Victoria-San Luis de La Paz), a 2.5 km al sureste de la localidad Victoria",Si,No,Abierta,Centro INAH Guanajuato,https://lugares.inah.gob.mx/es/node/4541
70,Guanajuato,Cañada de la Virgen,"Carretera 51 (tramo Don Sebastián-San Miguel de Allende) Km 10 + 800, San Isidro de la Cañada de la Virgen, Municipio de San Miguel de Allende, Guanajuato.",No,No,Abierta,Centro INAH Guanajuato,https://lugares.inah.gob.mx/es/node/4496
71,Guanajuato,El Cóporo,"Camino al Coporo Km 4 (aprox.), San José del Torreón (El Torreón), Municipio de Ocampo, Guanajuato. Acceso al camino desde el entronque Cabras/El Torreón.",No,No,Abierta,Centro INAH Guanajuato,https://lugares.inah.gob.mx/es/node/4489
72,Guanajuato,Peralta,"Ramal de Carretera estatal Abasolo-Huanímaro, San José de Peralta, Municipio de Abasolo, Guanajuato",No,No,Abierta,Centro INAH Guanajuato,https://lugares.inah.gob.mx/es/node/4497
73,Guanajuato,Plazuelas,"Camino a Las Plazuelas Km. 2 + 600, San Juan el Alto Plazuelas, Municipio de Pénjamo. Acceso por el entronque con el Km  63 + 300 (aprox) de la Carretera No. 90 (Pénjamo -La Piedad de Cavadas).",No,No,Abierta,Centro INAH Guanajuato,https://lugares.inah.gob.mx/es/node/4447
74,Guerrero,Cuetlajuchitlan,"Km 181 Carretera No. 95 (tramo Cuernavaca-Acapulco), Paso Morelos (Cuetlajuchitlan), Municipio de Huitzuco de los Figueroa, Guerrero.",No,Si,Abierta,Centro INAH Guerrero,https://lugares.inah.gob.mx/es/node/4392
75,Guerrero,Huamuxtitlán,"Calle Galeana s/n, Huamuxtitlán, C.P. 41200, Municipio de Huamuxtitlán, Guerrero.",No,No,Abierta,Centro INAH Guerrero,https://lugares.inah.gob.mx/es/node/4412
76,Guerrero,Ixcateopan,"Calle 5 de mayo (Gral. Vicente Guerrero Saldaña) s/n,  Ixcateopan de Cuauhtémoc, C.P. 40430, Municipio de Ixcateopan de Cuauhtémoc, Guerrero",No,Si,Abierta,Centro INAH Guerrero,https://lugares.inah.gob.mx/es/node/4419
77,Guerrero,La Organera-Xochipala,"Camino a La Organera Xochipala Km. 2 (aprox.), Xochipala, Municipio de Eduardo Neri, Guerrero. Acceso al camino desde el Km. 248 de la Carretera No. 95 México–Acapulco.",No,Si,Abierta,Centro INAH Guerrero,https://lugares.inah.gob.mx/es/node/4348
78,Guerrero,La Sabana,"Ejido La Sabana, Col. 5 de mayo, Acapulco de Juárez, Municipio de Acapulco de Juárez",No,No,Abierta,Centro INAH Guerrero,https://lugares.inah.gob.mx/es/node/4426
79,Guerrero,Los Tepoltzis,"Los Tepoltzis (ruinas arqueológicas), Municipio de Tixtla de Guerrero, Guerrero.",No,No,Cerrada,Centro INAH Guerrero,https://lugares.inah.gob.mx/es/node/4436
80,Guerrero,Palma Sola,"Calle De La Mona No. 17, Colonia Independencia, Municipio Acapulco de Juárez, C.P. 39510. Guerrero.",No,Si,Abierta,Centro INAH Guerrero,https://lugares.inah.gob.mx/es/node/4352
81,Guerrero,Soledad de Maciel,"Camino vecinal a Soledad de Maciel Km 3  + 700 (aprox.), La Soledad (Soledad de Maciel), Municipio de Petatlán, Guerrero. Acceso al camino vecinal a la altura del poblado Palos Blancos por el entronque con la Carretera Federal 200  (tramo Zihuatanejo-Pe",Si,No,Abierta,Centro INAH Guerrero,https://lugares.inah.gob.mx/es/node/4488
82,Guerrero,Tehuacalco,"Camino a Tehuacalco Km 2.5 km, Municipio de Juan R. Escudero, Guerrero. Acceso al camino desde el Km. 57 de la Autopista 95D.",No,Si,Abierta,Centro INAH Guerrero,https://lugares.inah.gob.mx/es/node/4499
83,Guerrero,Teopantecuanitlan,"Teopantecuanitlan, Localidad Tinajas, Municipio de Copalillo, Guerrero",No,No,Abierta,Centro INAH Guerrero,https://lugares.inah.gob.mx/es/node/4467
84,Hidalgo,Huapalcalco,"Huapalcalco, Municipio de Tulancingo de Bravo, Hidalgo. Acceso desde la Avenida Del Ferrocarril y entronque con calle Vicente Guerrero en Huapalcalco.",No,No,Abierta,Centro INAH Hidalgo,https://lugares.inah.gob.mx/es/node/4414
85,Hidalgo,Pahñu,"Camino a Pahñu, Pañhé, Municipio de Tecozautla, Hidalgo. Acceso al camino desde la comunidad de la Mesilla, Tecozautla.",No,Si,Abierta,Centro INAH Hidalgo,https://lugares.inah.gob.mx/es/node/4498
86,Hidalgo,Tula,"Carretera Tula- Tlahuelilpan Km 2, Col.16 de Enero 2a. Ampliación (El Tesoro), Municipio de Tula de Allende, C.P. 42808 Hidalgo.",Si,No,Abierta,Centro INAH Hidalgo,https://lugares.inah.gob.mx/es/node/4360
87,Hidalgo,Xihuingo-Tepeapulco,"Camino a la zona arqueológica Xihuingo-Tepeapulco Km 1 + 600 (aprox.), Municipio de Tepeapulco . Entronque al camino con la Carreterra No. 115 tramo (Tepeapulco-Santo Tomás).",No,No,Abierta,Centro INAH Hidalgo,https://lugares.inah.gob.mx/es/node/4471
88,Jalisco,El Grillo,Temporalmente cerrada,No,No,Cerrada,Centro INAH Jalisco,https://lugares.inah.gob.mx/es/node/4403
89,Jalisco,Ixtépete,"Prolongación Av. Mariano Otero, s/n, Zapopan, Zapopan, Jalisco",No,No,Abierta,Centro INAH Jalisco,https://lugares.inah.gob.mx/es/node/4420
90,Jalisco,Teuchitlán-Guachimontones,"Calle Benito Juárez Norte, Teuchitlán, Municipio de Teuchitlán, Jalisco. Acceso a un kilómetro al noreste del pueblo de Teuchitlán. Se entra por la calle Hilarión Romero Gil, luego por Zaragoza y, finalmente, por Benito Juárez.",No,No,Abierta,Centro INAH Jalisco,https://lugares.inah.gob.mx/es/node/4474
91,Michoacán de Ocampo,Huandacareo,"Calle Camino a Zona arqueológica s/n, Colonia La Nopalera C.P. 58820,  Huandacareo, Municipio de Huandacareo, Michoacán. Entronque al camino con el Km 16 + 500 de la Carretera No. 27 (Cuitzeo-Puruándiro).",No,Si,Abierta,Centro INAH Michoacán,https://lugares.inah.gob.mx/es/node/4413
92,Michoacán de Ocampo,Ihuatzio,"Camino a la Zona Arqueológica Ihuatzio Km 1 + 200, Ihuatzio, Municipio de Tzintzuntzan, Michoacán de Ocampo. Acceso al camino desde el Km. 5 de la Av. Independencia en Ihuatzio.",No,No,Abierta,Centro INAH Michoacán,https://lugares.inah.gob.mx/es/node/4418
93,Michoacán de Ocampo,San Felipe los Alzati,"Camino a la Zona Arqueológica San Felipe Los Alzati Km. 2, Mesa de los Alzati (Mesa de San Felipe), Municipio de Zitácuaro, Michoacán de Ocampo. Acceso desde el KM 107 de la Carretera Federal No. 15 y posteriormente 1 km hasta entronque.",No,No,Abierta,Centro INAH Michoacán,https://lugares.inah.gob.mx/es/node/4452
94,Michoacán de Ocampo,Tingambato,"Calle Tinganio s/n, Tingambato, Municipio de Tingambato, Michoacán de Ocampo. C.P. 60290.",No,Si,Abierta,Centro INAH Michoacán,https://lugares.inah.gob.mx/es/node/4475
95,Michoacán de Ocampo,Tres Cerritos,"Camino a Zona Arqueológica Tres Cerritos Km 0 + 480, Rancho San Jacinto (La Loma), Municipio de Cuitzeo, Michoacán de Ocampo. Entronque al camino con el Km 3 + 500 de la Carretera Cuitzeo-San Agustín del Pulque.",No,No,Abierta,Centro INAH Michoacán,https://lugares.inah.gob.mx/es/node/4479
96,Michoacán de Ocampo,Tzintzuntzán,"Avenida Las Yácatas s/n, Centro,  C.P. 58440, Tzintzuntzan, Municipio de Tzintzuntzan, Michoacán de Ocampo.",Si,No,Abierta,Centro INAH Michoacán,https://lugares.inah.gob.mx/es/node/4481
97,Morelos,Chalcatzingo,"Camino a las Ruinas s/n, Chalcatzingo, Municipio de Jantetelco, Morelos. C.P. 62977.",No,No,Abierta,Centro INAH Morelos,https://lugares.inah.gob.mx/es/node/4334
98,Morelos,Coatetelco,"Amarguera Sur s/n, Coatetelco, C.P. 62606, Miacatlán, Municipio de Miacatlán, Morelos.",Si,No,Abierta,Centro INAH Morelos,https://lugares.inah.gob.mx/es/node/4388
99,Morelos,Las Pilas,"Calle Yautepec s/n C.P. 62930 Jonacatepec, Municipio de Jonacatepec, Morelos, Km 93 de la Carretera No. 160 desviación a Jantetelco Jonacantepec",No,No,Abierta,Centro INAH Morelos,https://lugares.inah.gob.mx/es/node/4431
100,Morelos,Olintepec,"La zona arqueológica de Olintepec se localiza en el este-centro del estado de Morelos, a orillas del Río Cuautla.",No,No,Abierta,Centro INAH Morelos,https://lugares.inah.gob.mx/es/node/4444
101,Morelos,Teopanzolco,"Río Balsas s/n, Vista Hermosa C.P. 62290, Cuernavaca, Municipio de Cuernavaca, Morelos.",No,No,Abierta,Centro INAH Morelos,https://lugares.inah.gob.mx/es/node/4468
102,Morelos,Tepozteco,"Av. del Tepozteco  s/n, Barrio de la Santa Cruz, Tepoztlán, Municpio de Tepoztlán, Morelos.",No,No,Abierta,Centro INAH Morelos,https://lugares.inah.gob.mx/es/node/4473
103,Morelos,Xochicalco,"Carretera Federal Xochicalco-Tetlama s/n C.P. 62605 Miacatlán (sin embargo el área monumental abierta al público se localiza en el Municipio de Temixco), Morelos.",Si,No,Abierta,Centro INAH Morelos,https://lugares.inah.gob.mx/es/node/4307
104,Morelos,Yautepec,"Calle Paraíso (hacia el norte se convierte en la calle Esther Casariego) s/n, Rancho Nuevo  C.P. 62731,  Yautepec de Zaragoza, Municipio de Yautepec, Morelos.",No,No,Abierta,Centro INAH Morelos,https://lugares.inah.gob.mx/es/node/4366
105,Nayarit,Ixtlán del Río,"Carretera Internacional No. 15 (tramo Guadalajara-Tepic) Km 136, Los Toriles, Municipio de Ixtlán del Río, Nayarit.",No,Si,Abierta,Centro INAH Nayarit,https://lugares.inah.gob.mx/es/node/4421
106,Nuevo León,Boca de Potrerillos,"Camino a la Zona Arqueológica Boca de Potrerillos Km 3 + 500, Ejido de Potrerillos, Municipio de Mina, Nuevo León. Acceso al camino desde el Km. 45 + 900 de la Carretera Federal No. 53 Monterrey-Monclova.",No,Si,Abierta,Centro INAH Nuevo León,https://lugares.inah.gob.mx/es/node/4330
107,Oaxaca,Atzompa,"Independencia (Camino a Zona Arqueológica de Atzompa), Municipio de Santa María Atzompa, Oaxaca de Juárez.",No,No,Abierta,Centro INAH Oaxaca,https://lugares.inah.gob.mx/es/node/4501
108,Oaxaca,Cerro de la Campana-Huijazoo,"Camino a iglesia El Calvario Km 2 (aprox.), Distrito de Etla, Municipio de San Pablo Huitzo.  Entronque al camino por el Km 27 (acceso a Sulchiquitongo) de la Carretera No. 190.",No,No,Abierta,Centro INAH Oaxaca,https://lugares.inah.gob.mx/es/node/4417
109,Oaxaca,Copalita,"Boulevard Copalita-Tangolunda, tramo 15 Bahía de Huatulco, Municipio de Santa María de Huatulco, C. P. 70989. Oaxaca de Juárez.",Si,No,Abierta,Centro INAH Oaxaca,https://lugares.inah.gob.mx/es/node/4487
110,Oaxaca,Dainzú,"Camino a Dainzú Km 1 + 100, Zona Arqueológica Dainzú, Municipio de San Jerónimo Tlacochahuaya, Oaxaca. Entronque al camino (pavimentado) con el Km 23.5 de la Carretera Federal No. 190.",No,No,Abierta,Centro INAH Oaxaca,https://lugares.inah.gob.mx/es/node/4397
111,Oaxaca,Guiengola,"Camino a Guiengola Km 7, Las Tejas, Municipio de Santo Domingo Tehuantepec, Oaxaca. Entronque al camino con el Km 239 (Paraje “Las Tejas”), Barrio Lieza) de la Carretera No. 190.",No,No,Abierta,Centro INAH Oaxaca,https://lugares.inah.gob.mx/es/node/4407
112,Oaxaca,Huamelulpan,"Calle Ayoco s/n, San Martín Huamelúlpam, Municipio de San Martín Huamelúlpam, Oaxaca.",No,No,Abierta,Centro INAH Oaxaca,https://lugares.inah.gob.mx/es/node/4411
113,Oaxaca,Lambityeco,"Carretera Federal No. 190 Km 30 + 650 (Oaxaca-Tehuantepec), Municipio de Tlacolula de Matamoros, Oaxaca",No,No,Abierta,Centro INAH Oaxaca,https://lugares.inah.gob.mx/es/node/4428
114,Oaxaca,Mitla,"Camino Nacional s/n,  C.P. 70430,  San Pablo Villa de Mitla, Municipio de San Pablo Villa de Mitla, Oaxaca",No,No,Abierta,Centro INAH Oaxaca,https://lugares.inah.gob.mx/es/node/4350
115,Oaxaca,Monte Albán,"Camino Dr. Ignacio Bernal (A Monte Albán) s/n, Municipio de Santa Cruz Xoxocotlán, Oaxaca de Juárez.",Si,No,Abierta,Centro INAH Oaxaca,https://lugares.inah.gob.mx/es/node/4351
116,Oaxaca,Yagul,"Camino a la Zona Arqueológica Yagul Km 1 + 430, Municipio de Tlacolula de Matamoros, Oaxaca de Juárez. Acceso al camino desde el Km. 36 + 300 de la Carretera Panamericana Oaxaca-Istmo.",No,No,Abierta,Centro INAH Oaxaca,https://lugares.inah.gob.mx/es/node/4365
117,Oaxaca,Zaachila,"Calle Alarii s/n, Villa de Zaachila, Municipio de Villa de Zaachila, Oaxaca de Juárez. C.P.71310.",No,No,Abierta,Centro INAH Oaxaca,https://lugares.inah.gob.mx/es/node/4368
118,Puebla,Cantona,"Carretera Tepeyahualco-Xonacatlán Km 7.5, Cantona, Municipio de Tepeyahualco de Hidalgo, Puebla.",Si,No,Abierta,Centro INAH Puebla,https://lugares.inah.gob.mx/es/node/4377
119,Puebla,Cholula,"Av. Morelos s/n,  San Andrés Cholula, Municipio de San Andrés Cholula, Puebla",Si,No,Abierta,Centro INAH Puebla,https://lugares.inah.gob.mx/es/node/4336
120,Puebla,Los Cerritos-Tepatlaxco,"Los Cerritos San Cristóbal Tepatlaxco, Municipio de San Martín Texmelucan, Puebla",No,No,Abierta,Centro INAH Puebla,https://lugares.inah.gob.mx/es/node/4532
121,Puebla,Tehuacán,"La zona arqueológica se encuentra ubicada en cercanía del poblado de San Diego Chalma, en lo que es el Valle de Tehuacán que le da su nombre al sitio.",Si,No,Abierta,Centro INAH Puebla,https://lugares.inah.gob.mx/es/node/4539
122,Puebla,Tepapayeca,"Calle Morelos s/n, Tepapayeca, Municipio de Tlapanalá Puebla.",No,No,Abierta,Centro INAH Puebla,https://lugares.inah.gob.mx/es/node/4470
123,Puebla,Tepexi el Viejo,"Camino a Tepexi El Viejo Km 6 + 960 (aprox.), Tepexi el Viejo, Municipio de Tepexi de Rodríguez, Puebla. Entronque al camino con la calle Ignacio Zaragoza",No,No,Abierta,Centro INAH Puebla,https://lugares.inah.gob.mx/es/node/4472
124,Puebla,Teteles de Santo Nombre,Municipio de Tlacotepec. Puebla,Si,No,Abierta,Centro INAH Puebla,https://lugares.inah.gob.mx/es/node/4538
125,Puebla,Yohualichan,"Calle Francisco I. Madero s/n,  Yohualichan, Municipio de Cuetzalan del Progreso, Puebla, C.P. 73566",No,No,Abierta,Centro INAH Puebla,https://lugares.inah.gob.mx/es/node/4486
126,Querétaro,El Cerrito,"Calle Miguel Hidalgo s/n, Emiliano Zapata C.P. 76900 Municipio de Corregidora, Querétaro.",Si,No,Abierta,Centro INAH Querétaro,https://lugares.inah.gob.mx/es/node/4340
127,Querétaro,Ranas,"Municipio de  San Joaquín, Querétaro.",No,No,Abierta,Centro INAH Querétaro,https://lugares.inah.gob.mx/es/node/4355
128,Querétaro,Tancama,"Camino a Tancama Km 2 + 318 (aprox.), Tancama, Municipio Jalpan de Serra, Querétaro.  Entronque al camino hacia Tancama con el KM 191 de la Carretera Federal No. 120.",No,No,Abierta,Centro INAH Querétaro,https://lugares.inah.gob.mx/es/node/4495
129,Querétaro,Toluquilla,"Camino a Toluquilla, La Veracruz, Municipio de Cadereyta de Montes, Querétaro.",No,No,Abierta,Centro INAH Querétaro,https://lugares.inah.gob.mx/es/node/4358
130,Quintana Roo,Calica,"La zona arqueológica Calica se encuentra en los predios de la empresa Calizas Industriales del Carmen, en el llamado Grupo P, en el predio de Punta Rancho Ina, en el municipio de Cozumel, en la zona norte del estado de Quintana Roo.",No,No,Cerrada,Centro INAH Quintana Roo,https://lugares.inah.gob.mx/es/node/4369
131,Quintana Roo,Caracol-Punta Sur,"La zona arqueológica se encuentra en el extremo sureste de la isla de Cozumel, a 30 kilómetros del poblado de San Miguel, en el estado de Quintana Roo.",No,No,Cerrada,Centro INAH Quintana Roo,https://lugares.inah.gob.mx/es/node/4449
132,Quintana Roo,Chacchoben,"Carretera Federal No. 293 (vía corta a Mérida) Km 9, Municipio de Othón P. Blanco, Quintana Roo.",No,No,Abierta,Centro INAH Quintana Roo,https://lugares.inah.gob.mx/es/node/4381
133,Quintana Roo,Chakanbakán,"Localidad Caobas, Municipio de Othón P. Blanco, Quintana Roo.",No,No,Cerrada,Centro INAH Quintana Roo,https://lugares.inah.gob.mx/es/node/4383
134,Quintana Roo,Cobá,"Carretera Cobá-Chanchén Primero KM. 2, Cobá, Municipio de Tulum, Quintana Roo.",No,No,Abierta,Centro INAH Quintana Roo,https://lugares.inah.gob.mx/es/node/4389
135,Quintana Roo,Dzibanché,"Camino Morocoy-Dzibanché Km. 14 (Dzibanché) y Km 16 (Knichná), Municipio de Othón P. Blanco, Quintana Roo. Acceso desde el Km. 58 de la Carretera Federal 186, Chetumal-Escárcega.",No,No,Abierta,Centro INAH Quintana Roo,https://lugares.inah.gob.mx/es/node/4398
136,Quintana Roo,El Meco,"Carretera Puerto Juárez-Punta Sam Km 2 + 700, El Meco, Municipio de Isla Mujeres (geográficamente Municipio Benito Juárez), Quintana Roo.",No,No,Abierta,Centro INAH Quintana Roo,https://lugares.inah.gob.mx/es/node/4342
137,Quintana Roo,El Rey,"Bulevard Kukulcán Km 18, Cd. de Cancún, Municipio de Benito Juárez, Quintana Roo.",No,No,Abierta,Centro INAH Quintana Roo,https://lugares.inah.gob.mx/es/node/4404
138,Quintana Roo,Ichkabal,"CP 77903, Bacalar, Quintana Roo",No,No,Abierta,Centro INAH Quintana Roo,https://lugares.inah.gob.mx/es/node/6157
139,Quintana Roo,Kinichná,"Camino Morocoy-Dzibanché Km. 14 (Dzibanché) y Km 16 (Knichná), Municipio de Othón P. Blanco, Quintana Roo. Acceso desde el Km. 58 de la Carretera Federal 186, Chetumal-Escárcega.",No,No,Abierta,Centro INAH Quintana Roo,https://lugares.inah.gob.mx/es/node/4399
140,Quintana Roo,Kohunlich,"Carretera Francisco Villa-Kohunlich Km. 9, Municipio de Othón P. Blanco. Quintana Roo. Acceso desde el Km. 60 de la Carretera Federal No. 186 Chetumal-Escárcega.",No,No,Abierta,Centro INAH Quintana Roo,https://lugares.inah.gob.mx/es/node/4346
141,Quintana Roo,Muyil,"Carretera Federal No. 307 (tramo Carrillo Puerto-Tulum) Km. 208, Municipio de Felipe Carrillo Puerto, Quintana Roo.",No,No,Abierta,Centro INAH Quintana Roo,https://lugares.inah.gob.mx/es/node/4440
142,Quintana Roo,Oxtankah,"Carretera Chetumal-Calderitas-Luis Echeverría Km 9, Oxtankah, Municipio de Benito Juárez (Othón P. Blanco), Quintana Roo.",No,No,Abierta,Centro INAH Quintana Roo,https://lugares.inah.gob.mx/es/node/4446
143,Quintana Roo,Playa del Carmen,"Se localiza en el Municipio de Solidaridad, en el Estado de Quintana Roo, a pocos minutos del centro de la ciudad de Playa del Carmen.",No,No,Cerrada,Centro INAH Quintana Roo,https://lugares.inah.gob.mx/es/node/4354
144,Quintana Roo,San Gervasio,"Camino a la Zona Arqueológica San Gervasio Km 6,  San Gervasio, Municipio de Cozumel, Quintana Roo. Acceso desde el Km. 8 de la carretera Transversal de la Isla de Cozumel.",No,No,Abierta,Centro INAH Quintana Roo,https://lugares.inah.gob.mx/es/node/4453
145,Quintana Roo,San Miguelito,"Bulevar Kukulcán Km 16 + 500, Zona Hotelera, Cancún, Municipio de Benito Juárez, Quintana Roo.",Si,No,Abierta,Centro INAH Quintana Roo,https://lugares.inah.gob.mx/es/node/4494
146,Quintana Roo,Tulum,"Carretera Federal No. 307 Km. 230, Reforma Agraria- Puerto Juárez, Municipio de Tulum, Quintana Roo.",No,No,Abierta,Centro INAH Quintana Roo,https://lugares.inah.gob.mx/es/node/4361
147,Quintana Roo,Xcaret,"Carretera Federal No. 307 (Cancún-Chetumal) Km 282, Xcaret, Municipio de Solidaridad, Quintana Roo.",No,No,Abierta,Centro INAH Quintana Roo,https://lugares.inah.gob.mx/es/node/4362
148,Quintana Roo,Xelhá,"Carretera Federal No. 307 (Reforma Agraria-Puerto Juárez) Km. 246, Municipio de Tulum, Quintana Roo.",No,No,Abierta,Centro INAH Quintana Roo,https://lugares.inah.gob.mx/es/node/4363
149,San Luis Potosí,Tamohi,"Camino a Tamuín Km 1, Municipio de Tamuín, San Luis Potosí.  Entronque al camino con la Carretera Tamuín-San Vicente/SLP 14, Km 5.8",No,No,Abierta,Centro INAH San Luis Potosí,https://lugares.inah.gob.mx/es/node/4527
150,San Luis Potosí,Tamtoc,"Ramal de carretera a Tamtoc Km 10, Municipio de Tamuín, San Luis Potosí. Entronque al camino con la Carretera Tamuín-San Vicente/SLP 14",No,No,Abierta,Centro INAH San Luis Potosí,https://lugares.inah.gob.mx/es/node/4460
151,Sinaloa,Las Labradas,"Camino a Las Labradas Km. 5, La Chicayota (Chilacayotas), Municipio de San Ignacio, Sinaloa. Acceso al camino desde el Km. 51 de la Autopista 15D Mazatlán-Culiacán",No,Si,Abierta,Centro INAH Sinaloa,https://lugares.inah.gob.mx/es/node/4500
152,Sonora,Cerro de Trincheras,"Boulevard Joaquín Murrieta y Calle Sonora s/n, Trincheras, Municipio de Trincheras, Sonora.",Si,No,Abierta,Centro INAH Sonora,https://lugares.inah.gob.mx/es/node/4492
153,Tabasco,Comalcalco,"Carretera a la Zona Arqueológica Km 0 + 900, Norte 1a. Sección (Buena Vista), Municipio de Comalcalco, Tabasco. Acceso al camino desde Boulevard Adolfo López Mateos/Comalcalco-Paraíso/México 187.",Si,No,Abierta,Centro iNAH Tabasco,https://lugares.inah.gob.mx/es/node/4390
154,Tabasco,La Venta,"Carretera Villa Benito Juárez s/n, C.P. 86410, Villa La Venta, Huimanguillo, Tabasco",Si,No,Abierta,Centro iNAH Tabasco,https://lugares.inah.gob.mx/es/node/4311
155,Tabasco,Malpasito,"Camino a Malpasito- Zona Arqueológica Km. 1 + 850, Malpasito, Municipio de Huimanguillo, Tabasco. Acceso al camino desde el entronque-salida hacia Ocoapan/Rómulo Calzada, de la Carretera Federal No. 145.",No,No,Abierta,Centro iNAH Tabasco,https://lugares.inah.gob.mx/es/node/4438
156,Tabasco,Moral Reforma,"Camino a la zona arqueológica Moral-Reforma Km. 3 + 580 (aprox.), Municipio de Balancán, Tabasco. Acceso al camino desde la carretera estatal que conduce al poblado de Provincia y La Cuchilla y que conecta con el camino Entronque carretero Villahermosa",No,No,Abierta,Centro iNAH Tabasco,https://lugares.inah.gob.mx/es/node/4451
157,Tabasco,Pomoná,"Camino a Pomoná-Zona Arqueológica Km. 2 + 770, Pomoná, Municipio de Tenosique, Tabasco. Acceso desde el Km. 47 + 920 de la Carretera Federal No. 203.",Si,No,Abierta,Centro iNAH Tabasco,https://lugares.inah.gob.mx/es/node/4448
158,Tamaulipas,Balcón de Montezuma,"Camino a Balcón de Montezuma (de terracería) Km. 4, localidad Alta Cumbre, Municipio de  Victoria, Tamaulipas. Acceso al camino desde el Km. 18 de la Carretera Federal No. 101 (antigua carretera a Jaumave).",No,No,Abierta,Centro INAH Tamaulipas,https://lugares.inah.gob.mx/es/node/4374
159,Tamaulipas,El Sabinito,"""Camino a las Ruinas"" (nombre conocido) Km.5, localidad Ejido El Sabinito, Municipio de Soto la Marina, Tamaulipas. Acceso desde el Km. 97 de la Carretera Federal No. 70 (antigua carretera Victoria-Soto la Marina).",No,No,Abierta,Centro INAH Tamaulipas,https://lugares.inah.gob.mx/es/node/4405
160,Tamaulipas,Las Flores,"Calle Chairel No. 32, Colonia Las Flores, Tampico, Municipio de Tampico. C.P. 89220. Tamaulipas.",No,No,Abierta,Centro INAH Tamaulipas,https://lugares.inah.gob.mx/es/node/4429
161,Tlaxcala,Cacaxtla-Xochitécatl,"Circuito Perimetral  de San Miguel del Milagro KM 17.5, Municipio Nativitas, Tlaxcala.",Si,No,Abierta,Centro INAH Tlaxcala,https://lugares.inah.gob.mx/es/node/4332
162,Tlaxcala,Ocotelulco,"La zona arqueológica Ocotelulco se encuentra a las afueras del poblado de San Francisco Ocotelulco, dentro de una de las zonas con mayor densidad demográfica del estado de Tlaxcala.",Si,No,Abierta,Centro INAH Tlaxcala,https://lugares.inah.gob.mx/es/node/4442
163,Tlaxcala,Tecoaque,"Camino a Tecoaque Km. 0 + 540 (aprox.), Ejido de San Marcos Guaquilpan, San Felipe Sultepec, Municipio de Calpulalpan, C.P.90224. Tlaxcala. Acceso al camino desde el Km. 33 de la Carretera Federal tramo Texcoco-Calpulalpan.",Si,No,Abierta,Centro INAH Tlaxcala,https://lugares.inah.gob.mx/es/node/4462
164,Tlaxcala,Tizatlán,"Xicoténcatl 19, Centro CP 90100 Tlaxcala De Xicoténcatl, Tlaxcala.",No,No,Abierta,Centro INAH Tlaxcala,https://lugares.inah.gob.mx/es/node/4357
165,Veracruz de Ignacio de la Llave,Castillo de Teayo,"Plaza de la pirámide s/n, Centro, CP 92940, Municipio de  Castillo de Teayo, Veracruz",No,No,Abierta,Centro INAH Veracruz,https://lugares.inah.gob.mx/es/node/4378
166,Veracruz de Ignacio de la Llave,Cempoala,"Francisco del Paso y Troncoso Nº 38, C.P. 91667, Municipio Ursulo Galván, Veracruz.",Si,No,Abierta,Centro INAH Veracruz,https://lugares.inah.gob.mx/es/node/4379
167,Veracruz de Ignacio de la Llave,Cuajilote,"Municipio de Tlapacoyan (geográficamente Municipio de Atzalan),Veracruz.",No,No,Abierta,Centro INAH Veracruz,https://lugares.inah.gob.mx/es/node/4391
168,Veracruz de Ignacio de la Llave,Cuyuxquihui,"Cuyuxquihui, Paso del Correo, Municipio de Papantla, Veracruz.",No,No,Abierta,Centro INAH Veracruz,https://lugares.inah.gob.mx/es/node/4396
169,Veracruz de Ignacio de la Llave,El Tajín,"Carretera Federal No. 120 Km 130, Congregación Tajín C.P. 93479 Municipio de Papantla, Veracruz.",Si,No,Abierta,Centro INAH Veracruz,https://lugares.inah.gob.mx/es/node/4343
170,Veracruz de Ignacio de la Llave,Las Higueras,"Las Higueras C.P. 93965 Vega De Alatorre, Municipio de Vega de Alatorre, Veracruz.",Si,No,Abierta,Centro INAH Veracruz,https://lugares.inah.gob.mx/es/node/4430
171,Veracruz de Ignacio de la Llave,Quiahuiztlan,"Carretera Federal No. 180 (Poza Rica-Veracruz), Cerro de los Metates, Municipio de Actopan, Veracruz.",No,No,Abierta,Centro INAH Veracruz,https://lugares.inah.gob.mx/es/node/4450
172,Veracruz de Ignacio de la Llave,San Lorenzo Tenochtitlan,"Cuauhtémoc s/n, CP 93780 San Lorenzo Tenochtitlan, Municipio de Texistepec, Veracruz",Si,No,Abierta,Centro INAH Veracruz,https://lugares.inah.gob.mx/es/node/4454
173,Veracruz de Ignacio de la Llave,Tres Zapotes,"Congregación de Tres Zapotes, C.P. 95830, Tres Zapotes, Municipio de Santiago Tuxtla, Veracruz.",Si,No,Abierta,Centro INAH Veracruz,https://lugares.inah.gob.mx/es/node/4480
174,Veracruz de Ignacio de la Llave,Vega de la Peña,"Vega de la Peña, Municipio de Tlapacoyan (geográficamente Municipio de Atzalan), Veracruz.",No,No,Abierta,Centro INAH Veracruz,https://lugares.inah.gob.mx/es/node/4483
175,Yucatán,Acanceh,"La zona arqueológica Acanche se localiza dentro de la población del mismo nombre, ubicada aproximadamente a 28 kilómetros al sureste de la ciudad de Mérida, en el estado de Yucatán.",No,No,Abierta,Centro INAH Yucatán,https://lugares.inah.gob.mx/es/node/4526
176,Yucatán,Ake,"Ruinas de Aké, Municipio de Tixkokob, Yucatán.",No,No,Abierta,Centro INAH Yucatán,https://lugares.inah.gob.mx/es/node/4370
177,Yucatán,Balamcanché,"Carretera Federal No. 180 (Mérida-Valladolid) Km 123 + 400 Balam Ka'anché, Municipio de Tinum, Yucatán.",No,No,Temporalmente cerrada,Centro INAH Yucatán,https://lugares.inah.gob.mx/es/node/4372
178,Yucatán,Chacmultún,"Chacmultún, Municipio de Tekax, Yucatán.",No,No,Abierta,Centro INAH Yucatán,https://lugares.inah.gob.mx/es/node/4382
179,Yucatán,Chichén Itzá,"Carretera Federal No. 180  (Mérida -Cancún) km 120, Piste CP 97750 Tinum, Tinum, Yucatán.",No,No,Abierta,Centro INAH Yucatán,https://lugares.inah.gob.mx/es/node/4335
180,Yucatán,Dzibilchaltún,"Carretera a Chablekal km 6.5, Zona Arqueológica de Dzibilchaltún, CP 97310 Dzibilchaltún, Mérida, Yucatán",Si,No,Abierta,Centro INAH Yucatán,https://lugares.inah.gob.mx/es/node/4400
181,Yucatán,Ek Balam,"Ekbalam, Municipio de Temozón, Yucatán.",No,No,Abierta,Centro INAH Yucatán,https://lugares.inah.gob.mx/es/node/4401
182,Yucatán,Izamal,"Calle 27 C.P.  97540 Izamal, Municipio de Izamal, Yucatán",No,No,Abierta,Centro INAH Yucatán,https://lugares.inah.gob.mx/es/node/4422
183,Yucatán,Kabah,"Carretera Federal No. 261 (Hopelchen-Uman), Santa Elena, Municipio de Santa Elena, Yucatán",No,No,Abierta,Centro INAH Yucatán,https://lugares.inah.gob.mx/es/node/4423
184,Yucatán,Labná,"Labná, Municipio de Oxkutzcab, Yucatán.",No,No,Abierta,Centro INAH Yucatán,https://lugares.inah.gob.mx/es/node/4427
185,Yucatán,Loltún,"Loltún, Municipio de Oxkutzcab, Yucatán.",No,No,Temporalmente cerrada,Centro INAH Yucatán,https://lugares.inah.gob.mx/es/node/4433
186,Yucatán,Mayapán,"Carretera Estatal No. 18, Mayapán, Municipio de Tecoh, Yucatán",No,No,Abierta,Centro INAH Yucatán,https://lugares.inah.gob.mx/es/node/4439
187,Yucatán,Oxkintok,"Oxkintok, Municipio de Maxcanú, Yucatán.",No,No,Abierta,Centro INAH Yucatán,https://lugares.inah.gob.mx/es/node/4445
188,Yucatán,Sayil,"Sayil, Municipio de Oxkutzcab, Yucatán",No,No,Abierta,Centro INAH Yucatán,https://lugares.inah.gob.mx/es/node/4458
189,Yucatán,Uxmal,"Zona Arqueológica Uxmal, Municipio de Santa Elena, Yucatán",No,No,Abierta,Centro INAH Yucatán,https://lugares.inah.gob.mx/es/node/4482
190,Yucatán,Xcambó,Km 13 de la carretera Dzemul - Xtampú.,No,No,Abierta,Centro INAH Yucatán,https://lugares.inah.gob.mx/es/node/4546
191,Yucatán,Xlapak,"Xlapak, Municipio de Oxkutzcab, Yucatán.",No,No,Abierta,Centro INAH Yucatán,https://lugares.inah.gob.mx/es/node/4485
192,Zacatecas,Alta Vista,"Rancho Colorado CP 99260 Municipio de Chalchihuites, Zacatecas.",Si,No,Abierta,Centro INAH Zacatecas,https://lugares.inah.gob.mx/es/node/4371
193,Zacatecas,El Teúl,"Se localiza 1km al suroeste del Centro del municipio de Teúl de González Ortega, al final de la calle Manuel Caloca",No,No,Abierta,Centro INAH Zacatecas,https://lugares.inah.gob.mx/es/node/4542
194,Zacatecas,La Quemada,"Camino a la Zona Arqueológica La Quemada ""Ruinas de Chicomoztoc"" Km. 2, Municipio de Villanueva, Zacatecas. Acceso al camino desde el Km. 56 de la Carretera Federal No. 54.",Si,No,Abierta,Centro INAH Zacatecas,https://lugares.inah.gob.mx/es/node/4349
195,Zacatecas,Las Ventanas,"Localizada en el Cerro de Las Ventanas, en las inmediaciones del poblado El Remolino, del Municipio Juchipila, en Zacatecas.",No,No,Abierta,Centro INAH Zacatecas,https://lugares.inah.gob.mx/es/node/4432